provider_id,npi,first_name,last_name,provider_type,specialty_code,specialty_name,license_number,credential_status,credential_expiry_date,address_line1,city,state,zip,phone,last_updated_date
P00001,1000000001,Danielle,Johnson,DO,DERM,Dermatology,LIC334053,ACTIVE,2026-10-09,32181 Johnson Course Apt. 389,New Jamesside,TX,55488,479.540.2654,2025-01-13
P00002,1000000002,Susan,Rogers,MD,DERM,Dermatology,LIC131244,ACTIVE,2027-03-09,1559 Roman Stream,Herrerafurt,FL,10829,+1-649-359-3103,2025-10-30
P00003,1000000003,Melissa,Delacruz,PA,CARD,Cardiology,LIC331148,ACTIVE,2026-07-23,7525 Clark Grove Apt. 928,East Steven,WA,35883,+1-783-550-3056x4139,2025-10-15
P00004,1000000004,Diana,Foster,PA,CARD,Cardiology,LIC456778,ACTIVE,2027-12-16,42388 Burgess Meadow Suite 532,Daviston,FL,14872,(626)291-6697,2025-03-23
P00005,1000000005,Erin,Wilson,PA,NEUR,Neurology,LIC201414,ACTIVE,2026-04-05,514 Moore Alley Suite 828,Port Colleenhaven,IL,80319,925.228.8095,2025-02-22
P00006,1000000006,Daniel,Cox,MD,ORTH,Orthopedics,LIC496922,ACTIVE,2027-04-16,03911 Cabrera Trace Apt. 278,West Allison,WA,80008,(738)234-6578x71331,2025-01-23
P00007,1000000007,Brianna,Hall,MD,NEUR,Neurology,LIC148050,ACTIVE,2026-07-16,10310 Jones Freeway,Elizabethborough,WA,71179,(399)873-7631,2025-10-23
P00008,1000000008,Michael,Jenkins,PA,DERM,Dermatology,LIC391476,ACTIVE,2026-04-14,106 Mcbride Coves,East James,IL,59301,(362)247-3178,2025-04-30
P00009,1000000009,Denise,Fernandez,DO,FAMP,Family Practice,LIC802729,ACTIVE,2026-12-30,32677 Michelle Circle,South Aaron,TX,51674,274-768-7234x309,2025-07-09
P00010,1000000010,Brian,Silva,DO,FAMP,Family Practice,LIC584714,ACTIVE,2026-09-08,81219 Emma Freeway,Wilsonshire,FL,32772,001-790-691-6998,2025-10-01
P00011,1000000011,James,Moran,MD,NEUR,Neurology,LIC944151,ACTIVE,2026-08-23,6247 Hickman Cliffs,South Christineshire,WA,13605,783-684-2513,2025-01-29
P00012,1000000012,Eric,Bass,NP,DERM,Dermatology,LIC322955,ACTIVE,2027-08-04,808 Huynh Cove Apt. 411,West Juan,AZ,28108,001-253-748-7401x640,2025-04-19
P00013,1000000013,Kellie,Walsh,DO,PSY,Psychiatry,LIC358607,ACTIVE,2026-09-29,78680 Charles Spurs Apt. 805,South David,WA,40905,(405)433-1586x923,2025-03-15
P00014,1000000014,Nicole,Johnson,NP,ONC,Oncology,LIC329974,PENDING,2027-02-13,3421 Brennan Walks Suite 337,Kevinbury,NY,29720,8367541458,2025-10-26
P00015,1000000015,Sheila,Wilson,MD,PSY,Psychiatry,LIC260265,ACTIVE,2026-02-18,94019 Reed Turnpike Suite 698,South Rachelborough,AZ,33887,7607883561,2025-02-16
P00016,1000000016,Elizabeth,Martinez,PA,DERM,Dermatology,LIC654816,ACTIVE,2027-01-26,465 Terry Plaza Apt. 366,New Ashley,CA,53726,+1-904-943-6995,2025-07-17
P00017,1000000017,Scott,Lewis,NP,DERM,Dermatology,LIC905934,ACTIVE,2027-07-04,214 Davis Terrace Apt. 433,North Brandon,TX,62778,+1-317-869-3676x320,2025-12-16
P00018,1000000018,Jeffery,Brock,PA,ORTH,Orthopedics,LIC103402,PENDING,2026-06-11,83172 Contreras Points Suite 798,Rivasside,WA,58947,(677)943-4873,2025-08-11
P00019,1000000019,Chris,Mitchell,NP,FAMP,Family Practice,LIC982554,ACTIVE,2026-04-19,5812 Jesse Square Apt. 316,Riveramouth,FL,54997,2367690967,2025-09-17
P00020,1000000020,Kenneth,Price,MD,FAMP,Family Practice,LIC728038,ACTIVE,2026-06-15,893 Robinson Mews Suite 065,Ramseymouth,CA,17229,+1-280-669-9016x272,2025-07-11
P00021,1000000021,Nicholas,Lewis,DO,DERM,Dermatology,LIC160738,ACTIVE,2026-11-11,6464 Thomas Summit Apt. 531,Port Anthonybury,TX,26631,9926327193,2025-07-05
P00022,1000000022,Katie,Jackson,DO,DERM,Dermatology,LIC234628,ACTIVE,2026-03-12,41904 Sanders Stravenue,North Brittany,NY,82714,814.791.9058,2025-09-06
P00023,1000000023,Casey,Holland,PA,ORTH,Orthopedics,LIC322086,INACTIVE,2027-09-14,7165 Zimmerman Mews,Lake Aimee,FL,85757,998-577-6945x314,2025-09-28
P00024,1000000024,Karen,Hudson,NP,ORTH,Orthopedics,LIC559381,INACTIVE,2027-11-19,0752 Lewis Union Suite 549,Angelahaven,GA,25543,236-378-3777,2025-07-24
P00025,1000000025,Kelly,Sullivan,MD,DERM,Dermatology,LIC454508,ACTIVE,2026-08-19,9578 Coleman Summit,Michaelmouth,FL,36010,643-313-5182x3374,2025-05-07
P00026,1000000026,Marissa,Phillips,MD,PED,Pediatrics,LIC340062,ACTIVE,2026-03-14,40824 Terri Plaza Suite 271,New Justinfort,CA,58234,620-347-1167x19022,2025-01-04
P00027,1000000027,Victoria,Wilson,DO,NEUR,Neurology,LIC392004,ACTIVE,2027-06-11,993 Hayes Mills Suite 964,New Susanville,FL,27736,+1-934-612-3281x2067,2025-02-06
P00028,1000000028,Antonio,Roberts,PA,FAMP,Family Practice,LIC354801,ACTIVE,2027-08-14,713 French Road Apt. 618,Lake Edward,AZ,35317,(310)924-9947,2025-10-20
P00029,1000000029,Haley,Lyons,PA,PED,Pediatrics,LIC471507,ACTIVE,2026-04-10,877 Carly Meadows Suite 940,East Suzanneshire,GA,77456,4498027874,2025-02-18
P00030,1000000030,Cynthia,Vasquez,MD,CARD,Cardiology,LIC163556,ACTIVE,2027-11-01,5655 Mia Isle,Steeleport,IL,87347,(980)871-5451x6808,2025-12-11
P00031,1000000031,Brian,Stone,DO,DERM,Dermatology,LIC662336,ACTIVE,2026-07-16,703 Dunn Heights Suite 710,Lake Eric,AZ,72700,9866131712,2025-05-08
P00032,1000000032,William,Hill,DO,FAMP,Family Practice,LIC179046,ACTIVE,2027-04-19,3782 Lee Rapid Apt. 146,Sarahhaven,TX,35519,9447997278,2025-05-23
P00033,1000000033,Martin,Hines,MD,CARD,Cardiology,LIC197793,INACTIVE,2027-07-08,5339 Hall Trail Suite 057,Hughesberg,FL,65424,9282951718,2025-11-30
P00034,1000000034,Jennifer,Ortiz,PA,FAMP,Family Practice,LIC324130,INACTIVE,2027-05-13,74596 Melissa Walk,Finleyfort,CA,71413,3919343161,2025-07-28
P00035,1000000035,Garrett,Evans,PA,FAMP,Family Practice,LIC378085,INACTIVE,2026-01-03,50455 Thomas Pines,Knightburgh,GA,22781,(519)969-3792,2025-07-14
P00036,1000000036,Dana,Stevens,PA,ORTH,Orthopedics,LIC262316,ACTIVE,2027-12-15,4821 Landry Radial,Daniellechester,FL,90981,674-636-7136x959,2025-08-05
P00037,1000000037,Andrew,Greer,MD,CARD,Cardiology,LIC884309,ACTIVE,2027-07-10,0909 Wall Heights Apt. 953,New John,CA,99536,001-821-404-7095x2145,2025-10-24
P00038,1000000038,James,Buchanan,DO,PSY,Psychiatry,LIC159642,PENDING,2027-06-28,842 Sloan Orchard Suite 517,East Karenbury,TX,89148,001-868-751-6048x1754,2025-09-15
P00039,1000000039,Daniel,Hall,MD,FAMP,Family Practice,LIC808011,INACTIVE,2027-09-02,859 Deborah Roads,Blankenshipport,AZ,85598,(712)800-4711x38267,2025-02-05
P00040,1000000040,Brenda,Barber,MD,DERM,Dermatology,LIC749468,ACTIVE,2026-09-10,179 Crosby Harbors Apt. 537,Sampsonstad,IL,13523,+1-258-750-6431x71390,2025-10-19
P00041,1000000041,John,Martinez,NP,ORTH,Orthopedics,LIC350280,ACTIVE,2027-11-17,83933 Schroeder Turnpike,West Micheleberg,NY,17539,+1-742-210-2053,2025-04-15
P00042,1000000042,Grant,Williams,MD,ORTH,Orthopedics,LIC109767,ACTIVE,2026-11-20,117 Strickland Passage Apt. 783,Lake Kristahaven,TX,40036,400.376.6177x115,2025-08-23
P00043,1000000043,David,Weber,NP,DERM,Dermatology,LIC238890,INACTIVE,2026-08-07,9847 Garcia Squares Apt. 836,Beasleychester,TX,44925,366.315.6545x271,2025-10-03
P00044,1000000044,Christopher,Davis,DO,PED,Pediatrics,LIC559469,INACTIVE,2026-10-19,80988 Santiago Loop Suite 604,Michaelshire,WA,67008,627.531.5851,2025-07-09
P00045,1000000045,Lindsay,Bruce,NP,CARD,Cardiology,LIC795613,ACTIVE,2027-07-22,402 Park Inlet,Michaelburgh,NY,19277,001-861-920-1836,2025-12-08
P00046,1000000046,Matthew,Wood,DO,ORTH,Orthopedics,LIC385577,ACTIVE,2026-04-20,910 Eric River Apt. 147,Tuckermouth,FL,54788,238-515-6149x784,2025-03-01
P00047,1000000047,Randall,Greene,NP,NEUR,Neurology,LIC629959,ACTIVE,2027-12-05,43244 Wilson Parks,Thompsonfurt,CA,70307,001-738-885-1606x071,2025-04-15
P00048,1000000048,Ashley,Mckinney,NP,DERM,Dermatology,LIC146228,ACTIVE,2027-03-10,1605 Laurie River Suite 516,East Ryanfurt,NY,69177,364-553-5218,2025-11-21
P00049,1000000049,Rebecca,Bailey,PA,ORTH,Orthopedics,LIC688153,ACTIVE,2027-03-29,12432 Kathleen Shoal,East Stephaniefort,TX,61312,001-699-279-9552x71774,2025-03-24
P00050,1000000050,Michael,Jones,NP,FAMP,Family Practice,LIC710805,ACTIVE,2026-02-06,0054 Deanna Walk Apt. 998,Fordside,AZ,97352,2799359782,2025-10-07
P00051,1000000051,Dale,Nolan,NP,FAMP,Family Practice,LIC934794,PENDING,2026-11-12,182 John Mill Suite 889,West Nathan,CA,37580,(465)790-5151x8644,2025-01-22
P00052,1000000052,Christopher,Alvarado,DO,NEUR,Neurology,LIC799330,ACTIVE,2027-11-30,6291 Hansen Row Suite 281,Romerotown,AZ,48027,223-757-3322x1418,2025-04-18
P00053,1000000053,Nancy,Williamson,DO,FAMP,Family Practice,LIC532322,ACTIVE,2026-06-16,22927 Robert Springs Apt. 794,Youngbury,IL,41063,435.697.7468x8623,2025-05-02
P00054,1000000054,Brett,Castillo,NP,ONC,Oncology,LIC266931,ACTIVE,2026-09-12,181 Miller Estates Suite 782,Davisbury,TX,59631,(206)706-8536x153,2025-12-09
P00055,1000000055,Sarah,Combs,DO,ONC,Oncology,LIC309267,INACTIVE,2027-04-27,20472 West Avenue Apt. 043,New Shelby,GA,80308,961.243.4103x69711,2025-01-20
P00056,1000000056,Crystal,Andrews,DO,NEUR,Neurology,LIC124813,ACTIVE,2026-08-22,6095 Ashley Ferry,New Theresaland,AZ,69452,+1-788-680-6706,2025-06-06
P00057,1000000057,Julie,Kelly,NP,NEUR,Neurology,LIC468203,ACTIVE,2026-03-13,3195 Bradley Plains,Lisaburgh,AZ,90243,772.621.7043x030,2025-05-23
P00058,1000000058,Zachary,Hays,NP,NEUR,Neurology,LIC287241,ACTIVE,2026-04-29,0345 Michelle Isle Suite 156,Paulfurt,WA,44939,(877)458-4161,2025-01-15
P00059,1000000059,Amy,Morris,PA,CARD,Cardiology,LIC462479,ACTIVE,2027-09-03,4479 Jackson Mills,Sergiostad,IL,81090,(340)516-5820x29702,2025-02-25
P00060,1000000060,Kimberly,Diaz,MD,ONC,Oncology,LIC503906,INACTIVE,2027-06-08,092 Rush Landing Suite 192,Raymondview,FL,33218,602-978-6814,2025-11-07
P00061,1000000061,Jason,Carr,PA,ORTH,Orthopedics,LIC101773,ACTIVE,2027-12-27,12172 Osborn Valleys Suite 518,Patriciaburgh,FL,93799,001-725-983-1323x705,2025-01-23
P00062,1000000062,Linda,Arnold,NP,NEUR,Neurology,LIC753425,ACTIVE,2026-03-13,46786 Morrow Cliffs,West Dawn,TX,59480,485.628.9226x801,2025-08-09
P00063,1000000063,Fred,Morris,PA,ORTH,Orthopedics,LIC442027,ACTIVE,2026-11-13,8414 Cynthia Plaza,Davidport,WA,81035,+1-718-229-9229,2025-09-17
P00064,1000000064,Marcia,Johnson,PA,FAMP,Family Practice,LIC810219,ACTIVE,2027-03-07,943 Montgomery Burgs,Smallside,NY,38468,+1-947-536-4710x2767,2025-04-09
P00065,1000000065,Matthew,Thomas,MD,ORTH,Orthopedics,LIC418635,ACTIVE,2027-07-16,562 Robertson Coves Suite 371,Shannonberg,AZ,13190,7465963259,2025-07-27
P00066,1000000066,Kathryn,Jimenez,PA,NEUR,Neurology,LIC808446,ACTIVE,2027-03-29,4701 Wagner Garden Apt. 950,West Troyfort,GA,37954,+1-201-862-4565,2025-08-27
P00067,1000000067,Brett,Hoffman,NP,FAMP,Family Practice,LIC640490,ACTIVE,2026-03-28,416 Duran Harbors Apt. 216,Lauramouth,IL,73617,(923)998-6800x025,2025-12-04
P00068,1000000068,Eduardo,Barry,NP,DERM,Dermatology,LIC335552,INACTIVE,2027-11-20,9526 Wheeler Parkways,Ericksonport,NY,62746,9556169409,2025-05-01
P00069,1000000069,Tammy,Patton,PA,CARD,Cardiology,LIC740967,INACTIVE,2026-09-08,097 Alexandria Stravenue,Hernandezbury,TX,04639,001-513-807-5626,2025-01-24
P00070,1000000070,Warren,Carr,DO,PSY,Psychiatry,LIC853240,ACTIVE,2027-10-07,028 Ann Shore Suite 865,South Rhonda,GA,45370,+1-654-597-3348,2025-08-01
P00071,1000000071,Shelly,Hendrix,MD,ONC,Oncology,LIC887443,INACTIVE,2026-06-01,375 Bailey Underpass Suite 419,Huangfurt,TX,45738,001-624-404-1574x73384,2025-05-05
P00072,1000000072,Daniel,Yang,PA,ONC,Oncology,LIC152657,ACTIVE,2026-06-30,08330 Robert Stravenue,Garciaberg,TX,01180,+1-226-377-3454,2025-04-23
P00073,1000000073,Denise,Hall,NP,PSY,Psychiatry,LIC891937,INACTIVE,2027-04-21,62067 Sharon Well,Nancytown,AZ,39611,001-491-954-7887,2025-03-10
P00074,1000000074,Joshua,Lamb,PA,PSY,Psychiatry,LIC371782,ACTIVE,2027-05-02,74205 Bradley Throughway Apt. 296,Robertsonland,WA,53039,+1-612-227-5304x63745,2025-03-23
P00075,1000000075,Jose,Ward,NP,PSY,Psychiatry,LIC561239,ACTIVE,2026-09-02,17426 Vaughn Route,Michaelbury,WA,29222,(572)579-5687,2025-11-17
P00076,1000000076,Erin,Larson,NP,PED,Pediatrics,LIC666390,ACTIVE,2026-12-10,785 Samantha Creek,Port Amyhaven,NY,26998,001-982-325-8713,2025-05-20
P00077,1000000077,Rachel,Griffin,DO,PED,Pediatrics,LIC840734,ACTIVE,2027-12-12,2867 Angelica Spring,Jenniferfurt,AZ,33853,2393106518,2025-07-16
P00078,1000000078,Valerie,Kennedy,PA,ONC,Oncology,LIC535970,ACTIVE,2027-07-10,2265 West Lane Suite 182,Davidside,AZ,52019,723.400.4786x86337,2025-06-19
P00079,1000000079,Joshua,Pineda,MD,ONC,Oncology,LIC998348,INACTIVE,2027-12-14,69033 Craig Bypass,Harperton,AZ,32578,001-706-773-8302x8439,2025-10-27
P00080,1000000080,Joel,Walter,NP,PSY,Psychiatry,LIC890075,ACTIVE,2026-12-27,4408 Connie Meadow,Williamsstad,AZ,84821,+1-668-456-6246x28733,2025-01-04
P00081,1000000081,Linda,Melendez,NP,PED,Pediatrics,LIC557007,ACTIVE,2026-08-13,8826 Jonathan Isle Apt. 751,North Joseph,AZ,88800,+1-290-513-9837x354,2025-09-07
P00082,1000000082,Sharon,Hayden,PA,NEUR,Neurology,LIC859359,ACTIVE,2027-11-27,739 Randy Garden,Kimberlyfurt,GA,61613,+1-954-745-8771,2025-12-09
P00083,1000000083,Robin,Wood,MD,FAMP,Family Practice,LIC513160,ACTIVE,2027-07-01,93204 Phillips Flat Suite 369,South Andrea,CA,90265,247-377-2522x87280,2025-11-15
P00084,1000000084,Sierra,Barnett,DO,DERM,Dermatology,LIC584125,ACTIVE,2027-03-15,2312 Jeffery Motorway,Brucefort,WA,86914,800.488.6008x4840,2025-11-26
P00085,1000000085,Daniel,Davis,PA,ONC,Oncology,LIC442722,ACTIVE,2026-08-05,39845 Norton Common,Susanmouth,AZ,74556,934.210.1666,2025-06-17
P00086,1000000086,Dana,Warner,MD,ORTH,Orthopedics,LIC593152,ACTIVE,2026-09-16,6591 Jerry Ways,Nelsonland,CA,90210,689-402-5039x261,2025-08-04
P00087,1000000087,Anne,Knight,MD,NEUR,Neurology,LIC919182,PENDING,2027-10-28,856 Krystal Spurs Apt. 850,South Jesseland,CA,45143,+1-899-865-0477x358,2025-04-25
P00088,1000000088,Jacob,Willis,MD,CARD,Cardiology,LIC751517,ACTIVE,2026-07-24,94311 Moore Station Apt. 655,North Adamport,NY,58793,(341)221-2678x886,2025-05-07
P00089,1000000089,Christopher,Spencer,DO,PSY,Psychiatry,LIC587623,ACTIVE,2026-04-28,0466 Jenny Points Apt. 982,Jacksonview,IL,39970,672-512-6464x715,2025-12-09
P00090,1000000090,Jennifer,Simpson,MD,FAMP,Family Practice,LIC915573,INACTIVE,2027-09-14,1240 Cook River,Brockmouth,WA,58201,969-524-5937x52654,2025-11-07
P00091,1000000091,Mark,Ramirez,NP,DERM,Dermatology,LIC703766,ACTIVE,2026-01-27,1939 Erin Plaza Apt. 737,Marieland,AZ,54128,+1-872-843-4266x17979,2025-10-24
P00092,1000000092,Amy,Gibbs,DO,ONC,Oncology,LIC206851,ACTIVE,2026-03-19,891 Kayla Shoals Suite 290,Rasmussenmouth,WA,56921,501-943-8889,2025-04-12
P00093,1000000093,Neil,Ford,NP,DERM,Dermatology,LIC658623,ACTIVE,2026-02-12,0714 Knapp Corner,Port Sheliaberg,IL,46157,657-238-7571x7751,2025-10-17
P00094,1000000094,Lisa,Wilson,NP,DERM,Dermatology,LIC113266,INACTIVE,2027-10-26,123 Andrea Isle Suite 736,East Danielle,GA,57141,(309)437-9660x3341,2025-09-17
P00095,1000000095,Michael,Gonzalez,PA,DERM,Dermatology,LIC841666,ACTIVE,2027-01-06,7859 Carr Radial,West Michaelmouth,NY,81419,(649)391-2513,2025-08-10
P00096,1000000096,Isaac,Steele,PA,ORTH,Orthopedics,LIC587455,ACTIVE,2027-07-06,9296 Lopez Roads Apt. 827,Donaldmouth,WA,59614,+1-905-807-2368x876,2025-11-12
P00097,1000000097,Jennifer,Wallace,NP,NEUR,Neurology,LIC572700,ACTIVE,2026-03-30,90340 Walker Heights,Port Stephen,GA,97824,001-578-881-9148x58078,2025-05-06
P00098,1000000098,Curtis,Greer,PA,ONC,Oncology,LIC992288,ACTIVE,2026-01-30,0745 Scott Crest,East Lisa,GA,77561,001-659-462-9233x095,2025-06-22
P00099,1000000099,Mario,Padilla,NP,PED,Pediatrics,LIC393243,INACTIVE,2026-09-22,481 Sydney Turnpike Suite 042,East Dustin,WA,42718,367.329.4667,2025-07-01
P00100,1000000100,Richard,Brady,MD,CARD,Cardiology,LIC353080,ACTIVE,2026-07-15,7590 Jessica Mount Suite 186,South Mallory,GA,65344,354-958-9297x500,2025-09-22
P00101,1000000101,Allen,Noble,PA,PED,Pediatrics,LIC569945,ACTIVE,2027-05-03,7063 Nicole Hollow,Port Sarah,TX,36417,554-815-2064,2025-12-20
P00102,1000000102,Diana,Padilla,DO,ORTH,Orthopedics,LIC421080,ACTIVE,2027-02-19,71293 Smith Square,Lisachester,IL,91469,(771)636-1115,2025-04-24
P00103,1000000103,Derrick,Ayala,NP,PSY,Psychiatry,LIC546173,PENDING,2027-06-28,218 Chelsey Expressway,Bellborough,IL,82824,001-826-797-3112x1965,2025-10-11
P00104,1000000104,Kylie,Wright,NP,NEUR,Neurology,LIC421517,ACTIVE,2027-04-10,89994 Melanie Shoals,Jamiehaven,TX,25227,001-264-703-7613x7918,2025-12-26
P00105,1000000105,Sarah,Anderson,DO,PED,Pediatrics,LIC300845,ACTIVE,2026-05-03,8271 Brenda Bridge Suite 300,Hunterhaven,GA,54952,(761)888-9241x41832,2025-06-11
P00106,1000000106,Brenda,Hines,NP,ORTH,Orthopedics,LIC205409,INACTIVE,2027-06-22,6303 Sandy Crescent,Salazarton,WA,41040,+1-421-602-0275x88425,2025-10-29
P00107,1000000107,Jessica,Wilson,NP,PED,Pediatrics,LIC114835,ACTIVE,2026-07-03,6481 Joseph Ports,South Spencerstad,NY,07767,292.552.4191x3800,2025-07-04
P00108,1000000108,Brandon,Cox,NP,ORTH,Orthopedics,LIC831295,INACTIVE,2026-02-25,08635 Robert Stravenue,Josephland,GA,75413,(618)702-3806x174,2025-01-24
P00109,1000000109,Christopher,Bryant,NP,DERM,Dermatology,LIC592198,ACTIVE,2027-08-11,49493 Richardson Park Apt. 832,South Andrewside,IL,45907,+1-405-606-4138x3670,2025-01-07
P00110,1000000110,Christopher,Morse,PA,FAMP,Family Practice,LIC219629,INACTIVE,2026-09-16,571 William Route Suite 199,South Elaineberg,AZ,31535,345-465-5743x1329,2025-01-27
P00111,1000000111,Daniel,Cole,MD,PSY,Psychiatry,LIC259097,ACTIVE,2027-08-14,1853 Parker Greens Apt. 124,East Marymouth,WA,19942,235-868-0442,2025-02-07
P00112,1000000112,Melissa,Hawkins,PA,DERM,Dermatology,LIC735770,ACTIVE,2026-05-02,71210 Maria Forges,East Madison,FL,49291,+1-219-994-1013x72151,2025-05-08
P00113,1000000113,Brent,Glass,NP,ONC,Oncology,LIC717113,PENDING,2027-03-30,670 Vega Extensions Suite 324,Seanberg,WA,05042,+1-899-434-7687x014,2025-08-19
P00114,1000000114,Robert,Day,DO,CARD,Cardiology,LIC755900,ACTIVE,2026-04-12,806 Castillo Tunnel,Coopershire,TX,66350,564-420-5930x40785,2025-11-09
P00115,1000000115,Craig,Sandoval,MD,FAMP,Family Practice,LIC264136,ACTIVE,2026-06-27,039 Kelly Villages Apt. 239,Lindastad,GA,78038,6594929378,2025-05-03
P00116,1000000116,Tracy,Davis,DO,PSY,Psychiatry,LIC402099,ACTIVE,2026-02-03,308 Smith Ridges,Port David,GA,94471,(750)302-9218,2025-05-30
P00117,1000000117,Nathaniel,Mcmahon,NP,DERM,Dermatology,LIC926097,ACTIVE,2026-08-28,154 Taylor Estate Suite 752,Jeffreyshire,FL,23484,(544)322-0969x0295,2025-12-18
P00118,1000000118,Sharon,Taylor,DO,ONC,Oncology,LIC779094,ACTIVE,2027-07-12,55215 Smith Fords,Lake Carlos,WA,34141,800-767-6267,2025-02-28
P00119,1000000119,Amy,Garcia,DO,FAMP,Family Practice,LIC931131,ACTIVE,2026-03-03,327 Lauren Bypass Suite 054,North Matthewfurt,WA,21591,001-418-215-9970x6296,2025-02-06
P00120,1000000120,Craig,Harris,NP,PSY,Psychiatry,LIC833723,ACTIVE,2027-04-25,8844 Young Causeway,Armstrongfort,WA,20632,3502614973,2025-03-05
P00121,1000000121,Jamie,Little,MD,PSY,Psychiatry,LIC553014,ACTIVE,2026-03-24,1467 Jacobson Greens,Lake Amyburgh,WA,49131,(452)370-4774x3490,2025-08-13
P00122,1000000122,Christopher,Cooper,MD,CARD,Cardiology,LIC901909,ACTIVE,2026-08-23,380 Cardenas Manor Suite 937,Christianton,WA,66312,001-589-592-1722,2025-02-16
P00123,1000000123,David,Henderson,PA,CARD,Cardiology,LIC391668,ACTIVE,2027-04-27,29451 Paul Locks Suite 487,Port Isabellashire,AZ,68994,(716)822-9991x19148,2025-03-31
P00124,1000000124,Joseph,Pena,NP,PSY,Psychiatry,LIC528184,ACTIVE,2027-04-27,24629 Williams Isle Apt. 074,Andrewport,TX,41257,571-932-4754x691,2025-02-16
P00125,1000000125,Jason,Holloway,PA,FAMP,Family Practice,LIC402218,ACTIVE,2027-02-26,508 Cameron Station Suite 289,East Jamesborough,AZ,08054,807.305.3457,2025-06-18
P00126,1000000126,Erin,Allen,NP,CARD,Cardiology,LIC364659,ACTIVE,2026-04-01,727 Cooper Villages Suite 140,Williamsshire,AZ,28592,433.446.8007,2025-08-21
P00127,1000000127,Carolyn,Smith,PA,CARD,Cardiology,LIC533321,ACTIVE,2027-07-10,446 York Mount Suite 374,Silvatown,IL,67546,+1-658-699-4417x15454,2025-12-03
P00128,1000000128,Jacob,Holmes,MD,PSY,Psychiatry,LIC313446,ACTIVE,2027-03-29,96520 Bright Green,Sullivanton,NY,76919,001-493-653-8758x428,2025-11-17
P00129,1000000129,Connor,Anderson,PA,ORTH,Orthopedics,LIC227324,ACTIVE,2027-12-17,825 Jeffrey Fork Suite 655,Brendamouth,FL,15938,809.299.1738x1684,2025-08-13
P00130,1000000130,Monica,Hernandez,MD,FAMP,Family Practice,LIC679077,ACTIVE,2027-07-19,6972 Huffman Falls,South Marvinburgh,FL,41580,+1-800-874-3292x7129,2025-06-09
P00131,1000000131,Richard,Sanford,DO,DERM,Dermatology,LIC622584,INACTIVE,2026-05-01,08350 Sherman Pines Apt. 003,Lake Natalie,WA,41407,(616)689-4210,2025-08-25
P00132,1000000132,Stephen,Meyer,PA,ORTH,Orthopedics,LIC355570,ACTIVE,2027-05-10,2575 Frederick Valleys Suite 033,East Jessica,NY,77793,221.350.6489x09010,2025-08-01
P00133,1000000133,Robert,James,DO,ONC,Oncology,LIC173201,ACTIVE,2027-09-06,2304 Stanley Shore Suite 992,Rivasville,AZ,67555,001-791-841-1739x3483,2025-04-08
P00134,1000000134,Kenneth,Williams,MD,NEUR,Neurology,LIC396578,ACTIVE,2026-10-01,75300 Rebecca Village Suite 218,Lake Jenniferview,GA,84955,674.747.0120,2025-09-17
P00135,1000000135,Laurie,Edwards,PA,FAMP,Family Practice,LIC461888,ACTIVE,2027-07-06,00225 Kline Road,Natalieland,AZ,49341,421-366-7467x62120,2025-08-17
P00136,1000000136,Robert,Garza,DO,PSY,Psychiatry,LIC699573,ACTIVE,2026-07-13,96590 Timothy Oval Apt. 670,West Dianatown,AZ,92850,+1-889-493-5889x16375,2025-06-14
P00137,1000000137,Mary,Grant,PA,CARD,Cardiology,LIC504832,PENDING,2027-04-30,28772 Karen Islands,West Tara,NY,07100,738.366.3177x97177,2025-06-12
P00138,1000000138,Tina,Mcgee,NP,PSY,Psychiatry,LIC205239,INACTIVE,2026-05-10,66088 Margaret Turnpike,Pamelaside,GA,27613,+1-975-350-3758x9975,2025-01-19
P00139,1000000139,Connor,Hopkins,MD,DERM,Dermatology,LIC857537,ACTIVE,2027-04-13,5488 Park Cape,South Donald,NY,94460,001-361-849-3316x3735,2025-09-27
P00140,1000000140,Brandon,Schultz,NP,DERM,Dermatology,LIC753534,ACTIVE,2026-09-29,7982 Smith Street,New Savannahshire,TX,63799,529.622.1699x58669,2025-08-29
P00141,1000000141,Raymond,Cooper,PA,NEUR,Neurology,LIC432043,ACTIVE,2027-07-01,2269 Cameron Plaza Suite 833,New Jennifer,GA,90496,(822)688-5158x799,2025-12-12
P00142,1000000142,Natalie,Henderson,DO,CARD,Cardiology,LIC761820,ACTIVE,2026-03-12,106 Brian Centers,West Karen,WA,21595,542-804-3805x7198,2025-11-13
P00143,1000000143,John,Mueller,MD,PED,Pediatrics,LIC897305,ACTIVE,2027-03-21,066 Frye Spur Suite 800,Jamesmouth,TX,30064,+1-359-889-3347x2122,2025-02-16
P00144,1000000144,Billy,Ramirez,NP,PSY,Psychiatry,LIC130353,ACTIVE,2027-12-12,29405 Mckinney Drives Apt. 259,Port Sarahport,CA,64798,001-385-415-8328,2025-03-27
P00145,1000000145,Robert,Herrera,PA,ORTH,Orthopedics,LIC252640,ACTIVE,2027-01-19,3355 Carter Terrace,Barajastown,AZ,15537,+1-657-239-9305x61648,2025-07-03
P00146,1000000146,Rhonda,Short,MD,FAMP,Family Practice,LIC739098,INACTIVE,2026-06-29,877 Kenneth Run Apt. 581,East Teresaside,FL,70389,3134361386,2025-03-29
P00147,1000000147,Andrew,Love,DO,PSY,Psychiatry,LIC583550,ACTIVE,2026-05-27,10248 Bailey Forks,Rickeymouth,GA,83104,(765)306-1809x1901,2025-10-26
P00148,1000000148,Keith,Jennings,PA,ORTH,Orthopedics,LIC401603,ACTIVE,2026-01-10,7660 Moore Forges,Lake Peter,NY,72030,824-350-8821x0099,2025-12-08
P00149,1000000149,Kevin,Goodman,NP,DERM,Dermatology,LIC769975,PENDING,2026-12-20,68222 Christina Glen Apt. 129,Port Karenside,WA,60959,+1-581-341-4139x7552,2025-08-15
P00150,1000000150,Justin,Jones,PA,PSY,Psychiatry,LIC994787,ACTIVE,2026-07-23,7759 Steele Drives,Lindseychester,FL,22604,9539364525,2025-06-04
P00151,1000000151,Sean,Hampton,NP,ONC,Oncology,LIC833247,ACTIVE,2027-01-03,129 Meagan Walks Apt. 834,Lake Charlestown,AZ,66977,+1-409-796-9308x4887,2025-10-20
P00152,1000000152,Philip,Vance,MD,ORTH,Orthopedics,LIC735863,ACTIVE,2027-08-03,78816 Shaw Shore Apt. 928,South Erik,WA,74734,001-627-750-3731,2025-01-05
P00153,1000000153,Jim,Barnett,DO,PED,Pediatrics,LIC767542,ACTIVE,2026-12-27,7700 Garcia Pike Suite 498,South Desiree,WA,48381,001-718-946-3865,2025-11-07
P00154,1000000154,Laura,Eaton,MD,FAMP,Family Practice,LIC423939,ACTIVE,2026-04-10,272 Chris Row,Jasonburgh,CA,21126,(491)836-5177x739,2025-11-18
P00155,1000000155,Andrew,Williams,NP,NEUR,Neurology,LIC442589,ACTIVE,2026-04-03,80920 Jonathan Falls,Greeneshire,NY,84075,5418379772,2025-03-09
P00156,1000000156,Carolyn,Norton,NP,PED,Pediatrics,LIC656639,ACTIVE,2027-07-07,842 Nielsen Ranch,East Nicholasberg,WA,14731,9382862912,2025-03-09
P00157,1000000157,Natalie,Schmidt,NP,FAMP,Family Practice,LIC882824,INACTIVE,2027-05-09,72980 Boyd Land,Lake Alyssabury,TX,63693,001-865-699-1624x73149,2025-05-12
P00158,1000000158,Jacob,Fletcher,DO,PSY,Psychiatry,LIC809176,ACTIVE,2026-05-25,818 Nicholas Ford,Robertville,AZ,20788,(994)448-6959x46368,2025-02-08
P00159,1000000159,Mitchell,Peters,MD,NEUR,Neurology,LIC377304,ACTIVE,2027-02-09,9562 Julie Mission Apt. 138,Hartmanside,GA,80982,001-602-560-1279x611,2025-02-16
P00160,1000000160,Nathan,Lynch,NP,NEUR,Neurology,LIC712955,ACTIVE,2027-11-20,9849 Sonya Viaduct Apt. 770,Port Diane,IL,68416,430-398-8392x0530,2025-12-11
P00161,1000000161,Wendy,Chan,PA,DERM,Dermatology,LIC126240,ACTIVE,2026-08-28,669 April Street Apt. 184,Michaelview,IL,30162,+1-337-669-0426x818,2025-12-12
P00162,1000000162,Matthew,Wilson,PA,PED,Pediatrics,LIC835132,ACTIVE,2026-03-06,947 Hart Trail Apt. 577,South Darrenland,AZ,50658,+1-833-756-5880x4341,2025-11-28
P00163,1000000163,Charles,Velazquez,MD,DERM,Dermatology,LIC419149,PENDING,2026-02-16,5394 Stacey Springs Apt. 733,Port Joseph,TX,30543,239.252.1117,2025-03-13
P00164,1000000164,Melanie,Watson,DO,DERM,Dermatology,LIC507524,ACTIVE,2027-07-05,9472 Sanders Terrace Apt. 086,Ayerston,AZ,66361,(362)771-8750x036,2025-05-01
P00165,1000000165,Michael,Hensley,MD,FAMP,Family Practice,LIC974190,ACTIVE,2027-11-02,434 Mullen Junctions,Ivanchester,AZ,28095,(855)864-7292x93143,2025-08-01
P00166,1000000166,James,Marsh,NP,ORTH,Orthopedics,LIC327823,ACTIVE,2027-12-08,0267 Wendy Vista,Kristenport,FL,33396,+1-990-361-2034,2025-01-17
P00167,1000000167,Shannon,Cook,NP,NEUR,Neurology,LIC670913,INACTIVE,2027-12-04,8845 Robert Keys Apt. 998,Port Justin,IL,43111,+1-887-371-6947x22569,2025-02-20
P00168,1000000168,Christian,Cooper,DO,CARD,Cardiology,LIC228093,INACTIVE,2026-10-10,4496 Barron Tunnel Suite 987,Jacksontown,GA,16890,001-234-813-2611x1780,2025-07-23
P00169,1000000169,Alexandria,Ferrell,MD,DERM,Dermatology,LIC153035,ACTIVE,2026-08-06,9216 Perez Street,Scottberg,FL,17707,420.905.5778x48728,2025-12-06
P00170,1000000170,Crystal,Fields,MD,FAMP,Family Practice,LIC970127,ACTIVE,2026-07-30,845 Fernandez Valley Apt. 745,Greenport,FL,01884,9826547807,2025-10-17
P00171,1000000171,Albert,Jordan,DO,PED,Pediatrics,LIC926952,INACTIVE,2026-12-03,308 Lopez Points Suite 632,Claytonbury,CA,34970,863-589-4484,2025-04-30
P00172,1000000172,Melissa,White,NP,ORTH,Orthopedics,LIC937302,ACTIVE,2026-05-14,79749 Lopez Brook Apt. 080,North Julian,CA,16890,001-970-731-2073x564,2025-03-16
P00173,1000000173,Steven,Moody,DO,FAMP,Family Practice,LIC717457,ACTIVE,2027-01-02,20461 White Ville Suite 601,South Kelsey,NY,58560,603.771.8376,2025-01-08
P00174,1000000174,Eric,Chandler,PA,ORTH,Orthopedics,LIC651640,ACTIVE,2026-05-10,7435 Michelle Forge,East Cynthiamouth,TX,02475,(949)416-3009,2025-01-27
P00175,1000000175,Nathan,Davis,MD,PSY,Psychiatry,LIC573962,ACTIVE,2027-01-06,1950 Michael Drives,East Tonymouth,CA,73685,+1-657-930-6524x0778,2025-08-18
P00176,1000000176,James,Lopez,MD,ORTH,Orthopedics,LIC163780,PENDING,2027-10-21,7498 Casey Drives Suite 448,Shawnhaven,AZ,50182,001-920-495-9351x8638,2025-08-23
P00177,1000000177,Chloe,Morris,PA,ONC,Oncology,LIC847006,INACTIVE,2026-04-21,18102 Morgan Flats Apt. 731,New Darlenefurt,TX,86736,389.994.0539x1037,2025-12-18
P00178,1000000178,Laurie,Brown,DO,DERM,Dermatology,LIC168872,ACTIVE,2027-09-15,0948 Jessica Village Suite 138,North Jessicaside,IL,51007,338.739.2886,2025-06-14
P00179,1000000179,Emily,Park,NP,ONC,Oncology,LIC575755,ACTIVE,2027-06-28,22868 Sandoval Place Suite 558,Meganchester,AZ,83501,(259)239-8368x45776,2025-11-02
P00180,1000000180,Tonya,Larson,DO,DERM,Dermatology,LIC550961,ACTIVE,2026-04-28,0433 Smith View,Samanthahaven,FL,73419,001-692-710-7522,2025-12-26
P00181,1000000181,Pamela,Wright,PA,ONC,Oncology,LIC536196,ACTIVE,2027-04-10,1969 Jessica Stream Suite 727,New Dawnton,IL,96287,001-561-205-5661,2025-06-23
P00182,1000000182,Cynthia,Chen,NP,ONC,Oncology,LIC492483,PENDING,2027-11-13,8058 Mark Square,East Brent,GA,96390,(379)998-1364x6225,2025-06-10
P00183,1000000183,Ashley,Williams,MD,DERM,Dermatology,LIC552855,ACTIVE,2026-03-29,1686 Kathleen Orchard Apt. 769,New Christina,IL,96926,533.714.6591x16655,2025-02-16
P00184,1000000184,Melvin,Rios,NP,FAMP,Family Practice,LIC802559,ACTIVE,2026-03-03,59792 Williams Viaduct Apt. 352,North Jodibury,IL,81897,(740)551-4770,2025-10-12
P00185,1000000185,Jody,Lewis,NP,ONC,Oncology,LIC468727,ACTIVE,2026-10-22,792 Nicholas Shore Apt. 420,Jamesview,FL,07458,301.764.5104x636,2025-01-27
P00186,1000000186,Todd,Harper,DO,FAMP,Family Practice,LIC988432,ACTIVE,2027-05-09,38780 John Pines,Matthewfurt,IL,98069,(205)655-4384,2025-12-03
P00187,1000000187,Natasha,Zamora,DO,DERM,Dermatology,LIC946432,ACTIVE,2027-08-11,432 Prince Shoals,North Jessica,CA,68752,+1-593-463-9264x95782,2025-05-23
P00188,1000000188,Bianca,Sutton,NP,ORTH,Orthopedics,LIC836833,ACTIVE,2026-07-04,48262 Lonnie Point,East Lonnieberg,IL,95800,3564647423,2025-01-15
P00189,1000000189,Jack,Farmer,DO,NEUR,Neurology,LIC693830,ACTIVE,2026-07-05,993 Jerry Burg Suite 172,Josephstad,TX,24615,(577)522-3306x0463,2025-01-04
P00190,1000000190,Carl,Ho,MD,FAMP,Family Practice,LIC882354,ACTIVE,2026-02-01,757 Ronald Trail Apt. 965,Carrshire,AZ,78332,+1-880-281-7703,2025-11-21
P00191,1000000191,Angela,Black,DO,ONC,Oncology,LIC488028,ACTIVE,2026-12-16,47644 Jackson Hill,Lake Zacharyberg,IL,61263,+1-271-481-2982x6657,2025-08-21
P00192,1000000192,Shawn,Mosley,DO,DERM,Dermatology,LIC891083,ACTIVE,2026-06-09,1452 Christopher Squares,Waltersland,TX,69158,001-468-492-6860x259,2025-01-27
P00193,1000000193,Misty,White,PA,ORTH,Orthopedics,LIC609253,ACTIVE,2027-11-09,4474 David Curve,North Cindy,AZ,33676,5779780973,2025-08-15
P00194,1000000194,Shawn,Ramos,MD,ORTH,Orthopedics,LIC461939,ACTIVE,2027-06-09,84983 Jack Centers,Benjaminton,WA,87925,001-494-651-0162,2025-04-21
P00195,1000000195,Cheryl,Holt,NP,PSY,Psychiatry,LIC147623,ACTIVE,2027-11-15,9501 Morris Light,Port Ronaldside,CA,09010,372-314-5868x3390,2025-09-27
P00196,1000000196,Timothy,Barker,DO,CARD,Cardiology,LIC904624,ACTIVE,2026-11-05,9548 Ho Ridges Suite 877,New Jesse,WA,38575,801.207.1396,2025-04-15
P00197,1000000197,Matthew,Castro,MD,ORTH,Orthopedics,LIC621546,ACTIVE,2026-05-03,34414 Hunter Islands,North Ginamouth,NY,52411,001-499-902-3557x7027,2025-06-17
P00198,1000000198,Patricia,Herrera,DO,FAMP,Family Practice,LIC624563,ACTIVE,2027-06-30,6084 Peters Brook Apt. 955,East Juantown,IL,44954,(882)399-6291x4504,2025-07-14
P00199,1000000199,Tyler,Young,PA,DERM,Dermatology,LIC119651,ACTIVE,2026-02-13,3842 Neil Camp Apt. 178,Port Timothyhaven,TX,20696,457.584.5218,2025-07-23
P00200,1000000200,Jenny,Stevens,PA,NEUR,Neurology,LIC843963,ACTIVE,2027-03-16,40915 Small Cove,Andrewport,WA,84236,353.634.4857,2025-10-22
P00201,1000000201,Edward,Hill,NP,DERM,Dermatology,LIC280222,INACTIVE,2026-01-22,881 Amy Plaza,Josephport,GA,75747,421.249.5870,2025-07-27
P00202,1000000202,Thomas,Lowe,MD,NEUR,Neurology,LIC355135,ACTIVE,2027-03-24,0166 Janet Ramp,Jensenport,AZ,44060,981.679.2171,2025-02-15
P00203,1000000203,Gabrielle,Mckinney,NP,DERM,Dermatology,LIC332335,ACTIVE,2026-11-14,3329 Durham Lock Apt. 557,Johnsonfort,NY,15297,(377)724-5992x816,2025-07-22
P00204,1000000204,Angela,Jones,MD,DERM,Dermatology,LIC656379,ACTIVE,2027-10-11,769 Allen Gardens Apt. 761,Jaredshire,IL,57012,(395)983-2197x19975,2025-09-19
P00205,1000000205,Gregory,Blanchard,DO,NEUR,Neurology,LIC207798,ACTIVE,2026-06-01,196 Snyder Shore,North Jeffberg,FL,76623,001-602-627-8469x97335,2025-11-27
P00206,1000000206,Samantha,Zuniga,MD,FAMP,Family Practice,LIC285751,PENDING,2026-06-06,90986 Melissa Circle Suite 800,Danielport,GA,04588,569.465.6666,2025-11-05
P00207,1000000207,Thomas,Lopez,PA,PSY,Psychiatry,LIC814220,INACTIVE,2027-08-17,6242 Alexander Rue Apt. 276,North Derrick,IL,55008,596.492.7868x765,2025-10-16
P00208,1000000208,Roger,Smith,MD,NEUR,Neurology,LIC591699,ACTIVE,2027-03-27,384 House Ports Suite 009,Bushville,WA,76557,312.684.7818x9137,2025-03-19
P00209,1000000209,Chloe,Berger,NP,ORTH,Orthopedics,LIC631981,ACTIVE,2026-02-27,7879 Fisher Union,Keithton,GA,91602,+1-249-640-7929x049,2025-10-30
P00210,1000000210,Todd,Martinez,NP,PSY,Psychiatry,LIC972097,ACTIVE,2026-02-28,4294 Hodge Bridge,New Gregshire,TX,97358,(275)724-3728,2025-01-20
P00211,1000000211,Tracey,Coffey,MD,ONC,Oncology,LIC571579,INACTIVE,2027-08-18,6637 Jason Street,Brianview,FL,99523,502-876-7478,2025-08-25
P00212,1000000212,Frances,Price,DO,NEUR,Neurology,LIC164879,ACTIVE,2027-05-03,86047 Gregory Pines Apt. 185,Bishopview,IL,44405,441-749-6739x385,2025-11-06
P00213,1000000213,Amy,Chambers,DO,DERM,Dermatology,LIC141043,ACTIVE,2027-10-24,61817 Robinson Haven,Jamestown,GA,81686,409-839-1119,2025-09-16
P00214,1000000214,Diana,Yoder,DO,PSY,Psychiatry,LIC481574,ACTIVE,2027-06-20,24471 Livingston Harbor,Schwartzmouth,WA,34230,(614)406-6504,2025-09-26
P00215,1000000215,Scott,Vasquez,MD,ONC,Oncology,LIC927564,ACTIVE,2026-12-13,627 Douglas Trafficway,Robinsonville,IL,58379,001-241-201-1947x072,2025-07-29
P00216,1000000216,Elizabeth,Adams,PA,DERM,Dermatology,LIC397949,ACTIVE,2026-04-07,9087 Graham Vista Apt. 830,Finleyfort,NY,16387,001-785-354-6015,2025-06-18
P00217,1000000217,Maureen,Hodges,DO,NEUR,Neurology,LIC466813,ACTIVE,2027-08-20,328 Tammy Shore Apt. 461,Tommouth,AZ,96881,320.630.9376,2025-02-11
P00218,1000000218,Victor,Hanna,MD,FAMP,Family Practice,LIC424620,ACTIVE,2027-12-27,05050 Wilson Valley Suite 829,North Benjamin,IL,19059,407.390.3202x0417,2025-11-01
P00219,1000000219,Lisa,Rodriguez,MD,FAMP,Family Practice,LIC777406,ACTIVE,2027-12-21,931 Ronald Valleys Suite 519,West Mary,IL,28449,001-909-525-1142x62582,2025-12-10
P00220,1000000220,Sara,Williams,DO,CARD,Cardiology,LIC324597,ACTIVE,2026-11-13,962 Nichole Common,North Harryland,GA,93134,+1-494-267-2324x8763,2025-07-05
P00221,1000000221,Caitlyn,Love,DO,PED,Pediatrics,LIC180913,ACTIVE,2026-05-21,456 Angela Fields,New Tiffanystad,TX,71243,237.734.0312x77220,2025-04-26
P00222,1000000222,Justin,Hamilton,DO,CARD,Cardiology,LIC726258,ACTIVE,2026-12-11,701 Sara Fall Apt. 078,North Pattymouth,NY,78188,001-356-535-3153,2025-12-05
P00223,1000000223,Joan,Kane,DO,FAMP,Family Practice,LIC856215,ACTIVE,2027-10-02,17970 Thomas Ridge Suite 265,South Jennifer,AZ,83341,(943)852-0904x217,2025-12-21
P00224,1000000224,George,Cooper,PA,NEUR,Neurology,LIC740255,ACTIVE,2026-09-01,292 Christopher Walks Suite 397,Ramirezchester,GA,96993,235.869.3929,2025-12-13
P00225,1000000225,Tina,Williams,NP,PED,Pediatrics,LIC947903,ACTIVE,2026-09-02,806 Mendoza Union Apt. 773,New Karenchester,FL,29075,(954)231-0742,2025-10-01
P00226,1000000226,Tiffany,Ford,PA,NEUR,Neurology,LIC584106,ACTIVE,2027-08-08,625 Padilla Alley,South Patriciamouth,AZ,70089,7462498931,2025-12-14
P00227,1000000227,Zachary,Kent,DO,ONC,Oncology,LIC362147,ACTIVE,2026-07-24,16579 Michael Extensions Apt. 832,Johnville,GA,85571,793.935.5486x4015,2025-03-24
P00228,1000000228,Todd,Rose,MD,NEUR,Neurology,LIC398910,ACTIVE,2026-04-16,8847 Marsh Square,East Patriciamouth,NY,11944,462-941-1241,2025-10-11
P00229,1000000229,Edward,Harris,DO,ORTH,Orthopedics,LIC971415,ACTIVE,2027-06-10,6827 Fisher Street,West Jaimetown,FL,30952,456.695.5798x87749,2025-08-19
P00230,1000000230,George,Green,PA,PSY,Psychiatry,LIC155843,ACTIVE,2026-01-28,4025 Bryant Expressway Apt. 842,Port Jean,IL,87841,(623)710-5927,2025-06-28
P00231,1000000231,Jack,Hart,NP,PED,Pediatrics,LIC335445,ACTIVE,2026-03-25,552 West Estates,Davidtown,TX,53527,427.952.0885x4749,2025-07-17
P00232,1000000232,Matthew,Rodriguez,MD,NEUR,Neurology,LIC400814,INACTIVE,2026-05-21,28140 Williamson Forges Suite 515,New Danielleshire,GA,69501,843.501.8718,2025-03-16
P00233,1000000233,Tracy,Morrison,PA,FAMP,Family Practice,LIC745239,ACTIVE,2027-04-26,562 Wood Landing,West Michaelport,TX,58903,+1-813-476-7426,2025-12-28
P00234,1000000234,Mary,Harper,DO,CARD,Cardiology,LIC675462,INACTIVE,2026-08-09,47851 Davis Lodge,Robertside,AZ,61071,001-692-932-6487x049,2025-05-12
P00235,1000000235,Anita,Ford,NP,DERM,Dermatology,LIC227767,ACTIVE,2026-09-01,24471 Butler Overpass,North David,AZ,36836,219.659.7964x7158,2025-05-28
P00236,1000000236,Francisco,Brown,PA,PSY,Psychiatry,LIC725726,ACTIVE,2026-04-24,2520 Ward Roads Suite 044,New Jamesburgh,FL,12888,+1-428-255-4451x895,2025-02-02
P00237,1000000237,Derrick,Campbell,MD,FAMP,Family Practice,LIC744674,ACTIVE,2027-03-16,5213 Wesley Village Apt. 898,South Stevenland,AZ,15779,(707)454-5279,2025-05-30
P00238,1000000238,Jennifer,Johnson,MD,FAMP,Family Practice,LIC648913,PENDING,2027-11-16,22342 David Common,Vazquezville,TX,10689,2769031089,2025-12-07
P00239,1000000239,David,King,MD,CARD,Cardiology,LIC766549,ACTIVE,2027-04-27,0119 Briana Flats,Lake Michael,IL,12399,(349)355-2893,2025-07-19
P00240,1000000240,Lori,Hines,MD,ORTH,Orthopedics,LIC461551,ACTIVE,2027-01-01,342 Teresa Courts,New Melissa,TX,62722,(892)371-2566x383,2025-01-09
P00241,1000000241,Kathleen,Edwards,NP,NEUR,Neurology,LIC672536,ACTIVE,2026-02-15,82754 Christopher Park Apt. 647,Gloriamouth,NY,30106,+1-264-963-1752,2025-03-10
P00242,1000000242,Emily,Sanders,DO,PSY,Psychiatry,LIC950916,ACTIVE,2027-05-06,26691 Calvin Flat,Jamesfurt,GA,16591,967.849.9465,2025-12-23
P00243,1000000243,Vanessa,Dixon,MD,CARD,Cardiology,LIC929538,ACTIVE,2026-07-26,1147 Hall Dale,North Joanland,CA,65792,+1-902-569-5249x91187,2025-05-31
P00244,1000000244,Kelly,Jimenez,PA,NEUR,Neurology,LIC955015,ACTIVE,2027-06-12,588 Stephanie Bypass Suite 167,Melissamouth,WA,60749,6028842762,2025-06-08
P00245,1000000245,Tony,Rodriguez,NP,CARD,Cardiology,LIC474314,INACTIVE,2026-07-15,889 Alvarez Walk Apt. 806,Troyfurt,CA,81364,+1-854-350-0902x55905,2025-11-28
P00246,1000000246,Ronnie,Braun,NP,NEUR,Neurology,LIC558176,INACTIVE,2026-05-08,0333 Watkins Spurs Apt. 415,North Amanda,GA,05400,869.786.4079x056,2025-05-20
P00247,1000000247,Ashley,Stokes,PA,ONC,Oncology,LIC825686,ACTIVE,2026-07-11,357 Jackson Hills,Taraborough,WA,65637,+1-318-734-4049x6391,2025-06-23
P00248,1000000248,Joshua,Knight,PA,DERM,Dermatology,LIC731718,PENDING,2026-03-22,3514 Reynolds Plains Suite 366,Colleenmouth,NY,88523,001-282-508-2973x74896,2025-08-06
P00249,1000000249,Michael,Hernandez,MD,ORTH,Orthopedics,LIC443848,ACTIVE,2026-04-16,466 Dalton Circles,Port Robert,WA,38124,+1-924-993-6312x3034,2025-06-14
P00250,1000000250,Anita,Graham,DO,PSY,Psychiatry,LIC823270,ACTIVE,2027-03-13,24204 Hopkins Fall,Lake Toddtown,GA,07752,459-541-6516,2025-11-05
P00251,1000000251,Daniel,Navarro,PA,CARD,Cardiology,LIC387892,ACTIVE,2027-09-22,984 Wilkerson Freeway,Port Lindsaymouth,CA,77089,001-263-963-2123x4764,2025-06-30
P00252,1000000252,Amanda,Lyons,PA,DERM,Dermatology,LIC480959,ACTIVE,2027-10-15,8673 Suarez Drive,Thomasstad,NY,40893,7903034864,2025-12-10
P00253,1000000253,Amanda,Young,PA,CARD,Cardiology,LIC136489,ACTIVE,2027-09-15,0644 Sharon Throughway Apt. 432,Welchchester,FL,04941,717-876-5612x481,2025-03-15
P00254,1000000254,Carrie,Li,MD,NEUR,Neurology,LIC734487,ACTIVE,2027-01-28,0027 Aaron Flats Suite 591,East Johnberg,GA,78359,+1-765-477-2429x54316,2025-07-05
P00255,1000000255,Phillip,Bennett,MD,NEUR,Neurology,LIC701800,ACTIVE,2027-03-31,08931 Gonzalez Squares,North Richard,IL,56718,+1-942-315-2910x867,2025-07-10
P00256,1000000256,Jeffrey,Harris,NP,ONC,Oncology,LIC361736,PENDING,2027-10-28,7626 Carol View Suite 362,Sparkstown,CA,38537,739-873-5971x072,2025-06-10
P00257,1000000257,Gloria,Reeves,PA,FAMP,Family Practice,LIC688956,ACTIVE,2027-06-15,941 Angela Center Suite 375,North Jonfurt,WA,40151,(452)380-9242x8757,2025-09-13
P00258,1000000258,Logan,Moreno,NP,PSY,Psychiatry,LIC827691,INACTIVE,2027-09-19,1502 Savage Village,Juliechester,GA,37584,294-585-6257x287,2025-04-20
P00259,1000000259,Edgar,Hall,MD,PED,Pediatrics,LIC574001,ACTIVE,2026-05-19,4276 Wanda Park,South Michaelside,GA,64097,671.521.5134x228,2025-03-04
P00260,1000000260,Brandy,Bonilla,NP,DERM,Dermatology,LIC844007,ACTIVE,2026-11-24,1371 Johnson Springs,South Nathanielville,WA,42907,(701)277-7490,2025-12-16
P00261,1000000261,Diana,Tapia,DO,ORTH,Orthopedics,LIC932250,ACTIVE,2027-12-30,923 Laurie Haven Suite 018,Davisview,FL,23833,461.303.2664,2025-03-22
P00262,1000000262,Kenneth,Owen,DO,DERM,Dermatology,LIC928766,ACTIVE,2026-05-23,925 Marilyn Passage Apt. 776,Adamschester,IL,12326,001-965-392-6610x85732,2025-04-13
P00263,1000000263,Kelly,Kim,DO,NEUR,Neurology,LIC741674,INACTIVE,2027-07-19,2243 Phillips Causeway Apt. 081,Gutierrezmouth,TX,87120,001-894-254-9180x1722,2025-08-28
P00264,1000000264,Christopher,Mcdowell,PA,ORTH,Orthopedics,LIC906527,ACTIVE,2027-05-06,9779 Peterson Well Apt. 321,Monicaville,TX,57359,+1-800-961-0277,2025-07-23
P00265,1000000265,Kevin,Li,MD,FAMP,Family Practice,LIC571832,ACTIVE,2027-10-20,641 Derek Field Apt. 030,South Deborah,IL,85663,868.231.4727,2025-06-12
P00266,1000000266,Darren,Barrera,DO,FAMP,Family Practice,LIC905077,PENDING,2027-10-18,7079 James Port Suite 050,Lake Melaniechester,AZ,54985,599.284.0767x8997,2025-10-10
P00267,1000000267,Allison,Henderson,DO,CARD,Cardiology,LIC418897,ACTIVE,2027-06-15,146 Wilson Road Suite 760,West Jessica,IL,62005,(873)783-9597x246,2025-03-05
P00268,1000000268,Laura,Marsh,NP,PED,Pediatrics,LIC987025,ACTIVE,2027-06-16,341 Anderson Flats,New Travis,FL,55024,243.338.0054x5228,2025-06-27
P00269,1000000269,Matthew,Wilson,NP,ORTH,Orthopedics,LIC744274,ACTIVE,2027-10-03,83745 Hammond Trail,Paulahaven,NY,79706,+1-410-377-1199x18081,2025-03-06
P00270,1000000270,Monica,Bartlett,NP,FAMP,Family Practice,LIC983456,INACTIVE,2027-11-06,478 Oconnor Courts,Lake Michael,CA,18559,437-360-3754,2025-03-29
P00271,1000000271,Joseph,Espinoza,NP,CARD,Cardiology,LIC782759,ACTIVE,2026-02-16,3286 Devin Meadow Suite 678,Sherrymouth,AZ,19583,001-208-611-5562x60602,2025-02-11
P00272,1000000272,Robert,Blackwell,NP,CARD,Cardiology,LIC773088,PENDING,2027-10-05,550 Mccullough Ridge Apt. 673,Terryfurt,GA,26360,610-785-6288x4318,2025-09-12
P00273,1000000273,Katherine,Moore,NP,PED,Pediatrics,LIC575575,ACTIVE,2027-02-20,943 Barber Parkways,Lake Brianstad,CA,34547,+1-585-710-1749x0753,2025-12-17
P00274,1000000274,Kevin,Estrada,PA,FAMP,Family Practice,LIC587002,ACTIVE,2027-03-02,683 Mark Prairie,Port Kimberly,NY,60048,926-561-1062,2025-08-14
P00275,1000000275,Sean,Wood,PA,NEUR,Neurology,LIC237118,ACTIVE,2026-12-20,886 Silva Roads Suite 776,East William,TX,64040,001-772-388-1377x028,2025-06-13
P00276,1000000276,Carolyn,Ortiz,MD,NEUR,Neurology,LIC380464,ACTIVE,2027-04-23,9408 David Inlet,Kevinfort,NY,04168,(929)260-4432,2025-05-04
P00277,1000000277,David,Bailey,PA,DERM,Dermatology,LIC745270,ACTIVE,2026-10-25,7949 Mccullough Tunnel,Alvarezberg,NY,18657,277.972.5199x66365,2025-01-26
P00278,1000000278,Jill,Brewer,DO,NEUR,Neurology,LIC900190,ACTIVE,2026-11-17,094 Dawn Corner,New Amber,GA,99803,4982378018,2025-10-23
P00279,1000000279,Joshua,Harris,MD,PSY,Psychiatry,LIC194423,INACTIVE,2027-05-25,89569 Travis Brooks Suite 626,Port Allisonfurt,GA,34209,311-482-4224,2025-06-07
P00280,1000000280,Kristopher,Russell,NP,PED,Pediatrics,LIC151021,ACTIVE,2027-08-21,95200 Price Island,South Patricia,GA,34308,(610)233-9937x8861,2025-04-21
P00281,1000000281,Lucas,Tran,MD,PSY,Psychiatry,LIC988324,ACTIVE,2027-07-04,0630 Spencer Radial,East Kathrynberg,NY,40427,001-467-518-3258,2025-05-27
P00282,1000000282,Amanda,Henderson,NP,ORTH,Orthopedics,LIC147440,ACTIVE,2027-02-17,07942 Brian Orchard Suite 946,Meganborough,FL,77198,840.528.9141x61284,2025-07-07
P00283,1000000283,Cheryl,Bernard,MD,NEUR,Neurology,LIC505116,ACTIVE,2026-10-23,547 Sanchez Islands Suite 379,Allenberg,WA,85231,8973002687,2025-10-11
P00284,1000000284,Kristin,Banks,PA,DERM,Dermatology,LIC491326,ACTIVE,2026-04-10,071 Stanton Lane,Paultown,IL,16854,653.570.3045x319,2025-03-07
P00285,1000000285,Jim,Snyder,PA,NEUR,Neurology,LIC624369,ACTIVE,2026-07-23,47930 Tracey Route Suite 149,Jacksonborough,CA,86987,001-699-592-1921x2493,2025-03-15
P00286,1000000286,Melanie,Johnson,PA,FAMP,Family Practice,LIC644559,ACTIVE,2026-12-08,870 Davidson Run Apt. 566,Davidhaven,NY,61657,558.703.0468x7506,2026-01-01
P00287,1000000287,Christopher,Armstrong,DO,NEUR,Neurology,LIC512042,PENDING,2026-11-23,361 James Isle,Bryanville,WA,04154,560.395.4317x3505,2025-11-10
P00288,1000000288,Kimberly,Harvey,PA,NEUR,Neurology,LIC843167,ACTIVE,2027-06-06,791 Terri Bypass,Edwardsland,GA,17217,2706496110,2025-09-17
P00289,1000000289,Melissa,Morales,MD,CARD,Cardiology,LIC536774,ACTIVE,2026-12-06,99076 Pope River Apt. 507,Brianaville,CA,13960,7918939284,2025-07-08
P00290,1000000290,Timothy,Oliver,DO,PSY,Psychiatry,LIC856442,ACTIVE,2027-11-03,20024 Palmer Run,Larryside,GA,19588,(474)295-4508,2025-05-16
P00291,1000000291,John,Fuentes,PA,FAMP,Family Practice,LIC254954,INACTIVE,2027-10-07,5333 Matthew Shores,Nealmouth,FL,79113,001-259-995-9465x217,2025-09-26
P00292,1000000292,Jeffrey,Smith,MD,CARD,Cardiology,LIC300051,ACTIVE,2027-12-19,379 John Street,Lindsayfurt,IL,27412,(520)750-1508x1247,2025-10-21
P00293,1000000293,Bradley,Johnson,DO,ONC,Oncology,LIC530311,ACTIVE,2027-02-27,2342 Abbott Gardens,East Andrew,GA,34814,502-761-5347,2025-03-19
P00294,1000000294,Lisa,Guerrero,DO,CARD,Cardiology,LIC688132,ACTIVE,2026-05-22,112 Laura Fields Suite 559,Rowlandbury,GA,06555,001-999-538-4253x04289,2025-12-28
P00295,1000000295,Jessica,Mueller,PA,ONC,Oncology,LIC659024,ACTIVE,2026-06-27,86857 White Station,Aliciafort,IL,94302,574.696.9033x3736,2025-06-10
P00296,1000000296,Ronald,Bennett,DO,ORTH,Orthopedics,LIC358494,ACTIVE,2027-05-11,4812 Kenneth Path,Jerryton,WA,61482,495.967.7665x75460,2025-11-09
P00297,1000000297,Jesus,Brewer,DO,PED,Pediatrics,LIC823769,ACTIVE,2026-10-23,48881 House Courts Apt. 150,West James,IL,43655,844-839-2840x445,2025-06-02
P00298,1000000298,Lydia,Todd,NP,PSY,Psychiatry,LIC401769,ACTIVE,2027-07-28,8263 Jennifer Fords,Hallshire,AZ,72933,001-777-451-5366x37780,2025-06-28
P00299,1000000299,Barbara,Anderson,NP,ONC,Oncology,LIC144109,ACTIVE,2026-05-30,5536 Jennings Lodge,Marktown,TX,74894,8225599996,2025-06-26
P00300,1000000300,Stacy,Brown,NP,NEUR,Neurology,LIC883641,ACTIVE,2027-11-03,71597 Davis Cove Apt. 097,East Jamesfurt,FL,37701,234.481.7058,2025-08-15
P00301,1000000301,Mark,Browning,NP,ORTH,Orthopedics,LIC243941,ACTIVE,2027-12-14,12867 Paul Way Apt. 234,Meyersfort,FL,21312,+1-394-893-8743x027,2025-10-15
P00302,1000000302,Cassidy,Wright,DO,PED,Pediatrics,LIC768933,ACTIVE,2027-11-17,777 Jo Heights Suite 546,South John,TX,81468,001-667-362-9160x3248,2025-01-26
P00303,1000000303,Helen,Bowen,MD,ONC,Oncology,LIC814281,ACTIVE,2027-04-29,6815 Karina Parkways,Robertburgh,CA,33631,880.570.1765,2025-06-19
P00304,1000000304,Randy,Smith,PA,FAMP,Family Practice,LIC600641,ACTIVE,2027-10-31,257 Murray Corner,Lake Stephanie,WA,18884,342.220.9124x1862,2025-07-28
P00305,1000000305,Erica,Hernandez,MD,NEUR,Neurology,LIC906066,ACTIVE,2027-10-24,30837 Mary Valleys Apt. 647,New Adamfurt,FL,26943,753.531.0600,2025-05-27
P00306,1000000306,Erin,Brown,DO,CARD,Cardiology,LIC138105,PENDING,2027-03-04,220 Hunt Via,Marcusborough,AZ,82378,786.461.3315,2025-03-31
P00307,1000000307,Alexis,Valdez,MD,PSY,Psychiatry,LIC109717,ACTIVE,2026-10-24,3731 Santos Land,North Nicolechester,TX,40023,001-497-718-9241x95625,2025-04-06
P00308,1000000308,Tiffany,Estrada,PA,NEUR,Neurology,LIC240718,INACTIVE,2027-04-11,0997 Dixon Streets,New Briana,GA,02243,309.214.3639,2025-05-26
P00309,1000000309,Devin,Jimenez,NP,ORTH,Orthopedics,LIC270387,ACTIVE,2026-04-26,63039 Stevenson Isle,West Lonnie,WA,05692,864.703.5533x80339,2025-04-09
P00310,1000000310,Isaiah,Soto,NP,FAMP,Family Practice,LIC695361,ACTIVE,2026-12-12,1302 David Extensions,East William,FL,56369,001-974-523-3629x3449,2025-01-08
P00311,1000000311,Joseph,Harrington,PA,FAMP,Family Practice,LIC967161,ACTIVE,2027-10-17,6627 Henderson Ridge,Wolffort,IL,03097,001-966-614-9828x24674,2025-11-09
P00312,1000000312,Nicholas,Obrien,MD,DERM,Dermatology,LIC293757,PENDING,2027-11-17,2732 Adam Wall,Travischester,GA,52228,001-556-874-9160x1692,2025-07-25
P00313,1000000313,Susan,Wise,NP,NEUR,Neurology,LIC502206,ACTIVE,2026-01-07,750 House Street Apt. 370,Crystaltown,WA,91919,+1-824-897-2439x92011,2025-05-08
P00314,1000000314,Janice,Mccann,MD,NEUR,Neurology,LIC374258,ACTIVE,2027-08-20,362 King Hollow,Willischester,FL,99127,001-211-395-2436x4027,2025-06-04
P00315,1000000315,Chad,Horton,PA,CARD,Cardiology,LIC421709,ACTIVE,2026-05-02,462 Nicholas Squares Apt. 372,South Ashleyborough,WA,24832,402.334.6791,2025-12-08
P00316,1000000316,Kelly,Gray,NP,DERM,Dermatology,LIC744481,ACTIVE,2026-10-30,50937 Chambers Courts Apt. 040,North Jasontown,NY,49740,+1-584-777-5965x555,2025-11-24
P00317,1000000317,Elizabeth,Gray,NP,PSY,Psychiatry,LIC536045,ACTIVE,2027-04-11,5107 Hardy Dam,New Davidhaven,GA,37131,001-735-279-7863x050,2025-03-20
P00318,1000000318,Tara,Fitzgerald,MD,PED,Pediatrics,LIC651033,ACTIVE,2027-11-28,97691 Patterson Mountains Apt. 649,Lake Douglas,IL,68665,001-480-927-1487,2025-05-07
P00319,1000000319,Stephanie,Olson,MD,DERM,Dermatology,LIC969032,ACTIVE,2026-04-25,32116 Ethan Islands,Mirandabury,FL,94764,771-828-7153x991,2025-10-16
P00320,1000000320,Renee,Paul,PA,FAMP,Family Practice,LIC221886,ACTIVE,2026-12-02,863 Jonathon Highway Apt. 115,Lake Sheri,GA,75584,(825)769-0409x836,2025-03-26
P00321,1000000321,Kelsey,Salinas,MD,DERM,Dermatology,LIC575458,ACTIVE,2027-04-02,993 Randall Plain,Stewartport,AZ,29193,972.594.2095x4814,2025-09-19
P00322,1000000322,Troy,Padilla,PA,PSY,Psychiatry,LIC805448,INACTIVE,2026-03-01,52330 Melissa Stream Suite 420,Rogersfort,CA,46154,001-266-618-4438x61259,2025-10-16
P00323,1000000323,Stephen,Martin,DO,ONC,Oncology,LIC706403,ACTIVE,2026-01-04,7423 Linda Flat,West Jessicashire,AZ,13863,+1-826-462-0157x20185,2025-05-11
P00324,1000000324,Courtney,Powell,MD,NEUR,Neurology,LIC172371,PENDING,2026-03-07,36749 Denise Lane,Port Stevenfurt,GA,36574,+1-975-601-1117x8309,2025-12-25
P00325,1000000325,Heather,Davis,DO,CARD,Cardiology,LIC906325,ACTIVE,2027-02-23,7649 Cory Circles,South Lisa,AZ,03089,(488)287-1898x1312,2025-05-27
P00326,1000000326,Angela,Mcbride,PA,NEUR,Neurology,LIC493892,ACTIVE,2027-04-05,29321 York Bypass,North Williamstad,NY,71860,(960)434-0848,2025-07-15
P00327,1000000327,Barbara,Neal,PA,NEUR,Neurology,LIC654531,ACTIVE,2026-07-02,883 Elaine Cape Apt. 032,Melissaborough,FL,18091,+1-683-895-4296x184,2025-03-02
P00328,1000000328,Debra,Martin,PA,CARD,Cardiology,LIC806215,ACTIVE,2026-11-02,46283 Crystal Grove Apt. 598,South Lorraine,AZ,41966,(360)793-1418x18615,2025-01-12
P00329,1000000329,Regina,Strickland,PA,ONC,Oncology,LIC462974,ACTIVE,2026-09-11,40163 Lynn Tunnel,East Alishaport,FL,77679,818.459.4849x1025,2025-04-28
P00330,1000000330,Michael,Figueroa,PA,DERM,Dermatology,LIC744793,ACTIVE,2027-11-08,9240 Diane Divide Suite 940,Jasminebury,CA,89396,+1-567-627-5784x468,2025-01-17
P00331,1000000331,Cynthia,Miller,MD,PED,Pediatrics,LIC722795,ACTIVE,2026-03-10,5111 Shirley Expressway Apt. 148,Stokestown,CA,56073,+1-782-577-8816x09306,2025-04-16
P00332,1000000332,Virginia,Guerrero,PA,PED,Pediatrics,LIC345722,ACTIVE,2027-02-16,728 Gregory Lakes,New Michael,CA,07173,(676)525-1538x14474,2025-01-23
P00333,1000000333,Aaron,Welch,DO,FAMP,Family Practice,LIC955413,INACTIVE,2026-10-24,48079 Brown Avenue Suite 545,North Michaelburgh,IL,53200,(901)267-3188x261,2025-09-15
P00334,1000000334,Eric,Douglas,DO,NEUR,Neurology,LIC792282,ACTIVE,2026-11-06,6545 Mcclain Plain,Danielmouth,AZ,86520,422.856.0531x340,2025-05-02
P00335,1000000335,Robert,Rivera,DO,ORTH,Orthopedics,LIC756401,ACTIVE,2026-03-04,37416 Pierce Union,West Karen,GA,52913,862.211.0225x80305,2025-05-21
P00336,1000000336,Ryan,Roberts,PA,CARD,Cardiology,LIC923975,ACTIVE,2027-10-21,63928 John Trafficway Apt. 436,South Jasmine,AZ,14009,001-689-523-9231x260,2025-06-26
P00337,1000000337,Sarah,Simmons,PA,ONC,Oncology,LIC292811,ACTIVE,2026-11-04,06684 Jeffrey Meadow,Brownchester,GA,84894,7412454563,2025-03-18
P00338,1000000338,Hunter,Smith,DO,PED,Pediatrics,LIC944917,ACTIVE,2026-11-04,47491 Lopez Overpass Suite 541,Lake Alexanderside,CA,17580,455-398-9534x39611,2025-04-26
P00339,1000000339,Blake,Donaldson,DO,ONC,Oncology,LIC507286,ACTIVE,2027-07-25,71189 Turner Mountains,New Jennifer,FL,06243,(336)884-8557,2025-08-02
P00340,1000000340,Carlos,Barnes,PA,NEUR,Neurology,LIC988283,ACTIVE,2026-03-22,94240 Laura Square,Lake Lisa,FL,65385,+1-488-212-7868x66943,2025-11-28
P00341,1000000341,Ernest,Robinson,MD,CARD,Cardiology,LIC176319,ACTIVE,2027-01-22,788 Turner Forges,Jeanetteside,FL,16112,(430)683-4024,2025-05-18
P00342,1000000342,Morgan,Williams,NP,PSY,Psychiatry,LIC116078,ACTIVE,2026-12-07,81059 Nguyen Squares,Jenniferchester,FL,80649,850-605-3424x0891,2025-04-17
P00343,1000000343,Molly,Walters,DO,DERM,Dermatology,LIC515898,INACTIVE,2026-09-06,3543 Moore Fort,Richardsonfort,IL,12781,427.822.3972x4042,2025-09-03
P00344,1000000344,Grace,Lopez,NP,ORTH,Orthopedics,LIC423404,ACTIVE,2027-04-23,63761 Jessica Valley,New Coryfurt,GA,03216,200-223-1429,2025-07-14
P00345,1000000345,Susan,Rodriguez,NP,PSY,Psychiatry,LIC312994,ACTIVE,2027-04-26,132 Malone Mills Apt. 457,East Brian,AZ,91208,281-500-1841x862,2025-02-20
P00346,1000000346,Andrew,Simmons,DO,CARD,Cardiology,LIC117007,ACTIVE,2026-08-15,4361 Jackson Creek,North Stephanie,AZ,37438,(719)451-5109x226,2025-10-16
P00347,1000000347,Erin,Hernandez,NP,ORTH,Orthopedics,LIC341192,ACTIVE,2026-07-20,451 Hendricks Shore Suite 410,Port Diana,FL,42477,(467)371-1964,2025-03-20
P00348,1000000348,Marcus,Anderson,NP,PSY,Psychiatry,LIC369826,ACTIVE,2027-11-02,5767 Guzman Roads Suite 236,Dunnside,GA,70463,788.236.1968x9313,2025-10-09
P00349,1000000349,James,Jefferson,NP,PSY,Psychiatry,LIC277487,ACTIVE,2026-06-22,721 Rhonda Lake Apt. 472,Sanchezbury,GA,07823,001-421-226-0650x1917,2025-08-24
P00350,1000000350,Dylan,Thomas,MD,FAMP,Family Practice,LIC649395,ACTIVE,2027-10-20,09622 Manning Summit,Theodoremouth,TX,58693,+1-804-912-0092x8206,2025-10-05
P00351,1000000351,Angela,Gallegos,DO,CARD,Cardiology,LIC983472,ACTIVE,2027-02-27,362 Dudley Pike Suite 236,East Philipside,TX,79810,877-556-6205,2025-01-04
P00352,1000000352,Joseph,Garcia,PA,FAMP,Family Practice,LIC491329,ACTIVE,2026-08-12,503 Martin Coves Apt. 390,Jacobborough,GA,84175,2342199097,2025-01-05
P00353,1000000353,Leonard,Harding,PA,PSY,Psychiatry,LIC112426,ACTIVE,2026-01-07,4683 Walton Stream,Terriville,WA,43927,(981)382-0967x90422,2025-01-09
P00354,1000000354,Nicole,Davis,PA,ORTH,Orthopedics,LIC945328,INACTIVE,2027-05-30,22889 West Curve,Kellychester,NY,05745,001-463-639-9129x710,2025-01-09
P00355,1000000355,Amy,Novak,DO,DERM,Dermatology,LIC352674,ACTIVE,2027-06-21,1752 Martin Harbors,Michaelland,WA,23987,001-674-874-7219x705,2025-02-19
P00356,1000000356,Robert,Harvey,MD,NEUR,Neurology,LIC491172,PENDING,2027-02-11,5895 Miller Loop,Bakerton,GA,81846,+1-503-880-2146x2961,2025-05-17
P00357,1000000357,Morgan,Caldwell,NP,PED,Pediatrics,LIC817269,INACTIVE,2026-08-20,7871 Henry Coves Suite 636,Calebmouth,TX,79716,237.814.7082x7235,2025-12-23
P00358,1000000358,Bryan,Stokes,PA,CARD,Cardiology,LIC495490,ACTIVE,2027-02-20,3030 Nelson Roads Apt. 121,Richardport,CA,93851,568.734.2016x542,2025-02-17
P00359,1000000359,Sheri,Olson,MD,CARD,Cardiology,LIC624139,INACTIVE,2026-06-25,659 Morrow Points,North Jennifer,IL,76324,+1-625-250-2727x516,2025-12-26
P00360,1000000360,Vanessa,Harding,DO,DERM,Dermatology,LIC321686,INACTIVE,2026-02-13,791 Jeffery Field,Hortonburgh,GA,79267,(335)933-9055x0448,2025-09-28
P00361,1000000361,Deborah,Bryant,NP,ORTH,Orthopedics,LIC669408,ACTIVE,2026-03-18,5868 Wilson Fall Suite 652,New Ryan,CA,37860,+1-364-991-1110x96179,2025-01-24
P00362,1000000362,Wesley,Shaffer,DO,FAMP,Family Practice,LIC715551,ACTIVE,2026-01-17,3378 Wilson Walks Suite 157,Odonnellfurt,AZ,01497,(238)244-4463x060,2025-06-11
P00363,1000000363,Eric,Brooks,DO,DERM,Dermatology,LIC694223,INACTIVE,2026-06-16,2963 Lee Row Suite 096,Lake Peter,AZ,95936,(365)882-6312,2025-06-03
P00364,1000000364,Megan,Burton,MD,NEUR,Neurology,LIC625119,ACTIVE,2026-05-24,253 Christopher Mews Apt. 920,New Patrickberg,IL,59969,+1-352-433-4383x6404,2025-07-16
P00365,1000000365,Courtney,Little,DO,CARD,Cardiology,LIC979414,ACTIVE,2027-03-24,79112 Green Falls,North Troystad,AZ,27760,(417)406-1713x6657,2025-02-20
P00366,1000000366,Kent,Berger,NP,NEUR,Neurology,LIC921609,PENDING,2027-10-12,55799 Eric Streets,Saraborough,GA,79945,5802882351,2025-01-16
P00367,1000000367,Mark,Robinson,PA,PED,Pediatrics,LIC552825,ACTIVE,2027-07-21,4731 Erickson Run,Stuartfort,AZ,57656,963.842.3461x99423,2025-07-02
P00368,1000000368,Nicole,Henderson,DO,DERM,Dermatology,LIC847748,ACTIVE,2026-10-30,9196 Gonzalez Knoll Suite 172,New Johnnychester,WA,38967,+1-385-560-1256x253,2025-11-13
P00369,1000000369,Diane,Watson,DO,FAMP,Family Practice,LIC875584,ACTIVE,2027-12-30,05053 Bradley Islands Apt. 816,Carolynhaven,IL,29004,784-591-9665,2025-07-14
P00370,1000000370,James,Lang,NP,DERM,Dermatology,LIC566339,ACTIVE,2026-01-06,46117 Carolyn Ramp Suite 390,Andrewshire,WA,01110,342.860.8805x017,2025-02-16
P00371,1000000371,Jennifer,Hill,DO,DERM,Dermatology,LIC551914,ACTIVE,2026-03-31,1857 Phillip Square Suite 715,North Jeffreytown,AZ,18685,256-232-1358,2025-03-09
P00372,1000000372,Jordan,Glover,NP,DERM,Dermatology,LIC681141,ACTIVE,2026-04-02,41459 Nelson Extension,New Steven,IL,17053,929-567-1883x97745,2025-01-14
P00373,1000000373,Christopher,Miranda,PA,ONC,Oncology,LIC506637,ACTIVE,2026-10-26,8331 Teresa Circle,North Ellen,FL,61862,(337)415-3988x5472,2025-01-07
P00374,1000000374,Jeffery,Cox,DO,FAMP,Family Practice,LIC245584,ACTIVE,2027-01-25,836 Casey Manors Apt. 491,South Nancy,WA,98153,930-772-4078,2025-12-17
P00375,1000000375,Joseph,Mcintosh,DO,PSY,Psychiatry,LIC555791,ACTIVE,2026-03-06,6326 Romero Center,Nelsonville,WA,06941,+1-866-334-3629x4897,2025-03-16
P00376,1000000376,Erin,Lucas,NP,PSY,Psychiatry,LIC358568,ACTIVE,2027-01-05,10094 Cameron Courts,Jeremyfurt,GA,51869,(313)447-3235x4940,2025-02-09
P00377,1000000377,Wesley,Graves,DO,PED,Pediatrics,LIC419457,ACTIVE,2026-04-20,432 Maldonado Expressway Apt. 572,Lake Thomasmouth,AZ,03230,(241)920-9579,2025-08-23
P00378,1000000378,Morgan,Kennedy,NP,NEUR,Neurology,LIC561607,ACTIVE,2027-01-25,94388 Kari Trail,North Kevinmouth,NY,59826,958.347.4570x5458,2025-11-14
P00379,1000000379,Joseph,Stone,DO,ORTH,Orthopedics,LIC602278,ACTIVE,2027-09-10,63257 John Streets,Howardland,AZ,25908,(614)687-8245x5696,2025-06-14
P00380,1000000380,James,Riley,PA,NEUR,Neurology,LIC703853,ACTIVE,2027-12-13,167 Roberts Branch Suite 272,Cindyburgh,IL,40300,641.240.7034x9107,2025-05-30
P00381,1000000381,Russell,Keller,NP,ONC,Oncology,LIC219420,INACTIVE,2027-02-07,42548 Stephanie Station,Douglasborough,FL,57130,001-814-830-7536,2025-05-24
P00382,1000000382,Tammy,Garcia,MD,FAMP,Family Practice,LIC862538,ACTIVE,2027-07-18,9429 Shelton Islands Apt. 342,Spencerport,FL,40477,449-978-2661,2025-12-16
P00383,1000000383,Heather,Gordon,MD,PSY,Psychiatry,LIC958747,INACTIVE,2027-12-11,5676 Murray Points Apt. 612,Kristinshire,AZ,67636,(929)289-4062x607,2025-05-30
P00384,1000000384,Christopher,Nelson,NP,PSY,Psychiatry,LIC353777,ACTIVE,2027-10-11,9149 Vaughn Way,North Joyhaven,NY,97410,001-203-982-8723x244,2025-03-13
P00385,1000000385,Cindy,Gonzalez,PA,ONC,Oncology,LIC726979,ACTIVE,2026-03-17,29181 James Mountains,Port Williamfurt,AZ,07795,946-372-3849,2025-07-13
P00386,1000000386,Ryan,Fields,NP,ONC,Oncology,LIC835716,INACTIVE,2026-02-07,32883 Castillo Highway,New Trevorview,TX,51774,(617)266-2047x1960,2025-10-06
P00387,1000000387,Deanna,Barry,NP,DERM,Dermatology,LIC274418,ACTIVE,2027-11-05,52774 Tina Knolls Apt. 586,East Dianastad,CA,86475,001-495-672-4461x7679,2025-05-08
P00388,1000000388,David,Nguyen,MD,ONC,Oncology,LIC111060,ACTIVE,2027-03-17,961 Anthony Street Apt. 311,Villafort,FL,42923,001-933-712-6610x94101,2025-06-19
P00389,1000000389,Catherine,Pittman,PA,PED,Pediatrics,LIC585556,ACTIVE,2027-01-19,1762 James Overpass,Sheltonbury,NY,26871,001-726-883-1901x3020,2025-08-17
P00390,1000000390,Ashley,Lin,MD,NEUR,Neurology,LIC409783,ACTIVE,2027-05-10,87339 Mason Knolls Apt. 176,Sawyershire,TX,10743,(784)211-7309,2025-01-13
P00391,1000000391,Jeffrey,Shepard,NP,DERM,Dermatology,LIC459731,ACTIVE,2026-12-23,5124 Amanda Garden Suite 690,New Thomasview,FL,86121,5057643502,2025-03-14
P00392,1000000392,Sandra,Alvarado,MD,PSY,Psychiatry,LIC559450,ACTIVE,2027-05-03,71990 Zavala Mall,New Timothyberg,GA,35957,001-201-207-8356x7430,2025-06-28
P00393,1000000393,Kim,Shepherd,MD,NEUR,Neurology,LIC949541,ACTIVE,2026-11-04,087 Paul Lane Apt. 668,North Samuel,CA,81195,(853)256-0331x903,2025-02-04
P00394,1000000394,Vicki,Smith,DO,NEUR,Neurology,LIC876459,ACTIVE,2026-04-22,10272 Williams Keys,West David,NY,52643,611.514.8375x3745,2025-11-28
P00395,1000000395,Alison,Adams,PA,FAMP,Family Practice,LIC584498,ACTIVE,2027-07-28,56974 James Dam,West Judy,AZ,28126,952-203-7710,2025-06-19
P00396,1000000396,Joseph,Chapman,PA,FAMP,Family Practice,LIC514798,ACTIVE,2027-10-18,04967 Michelle Lights Suite 033,Lopezchester,FL,70295,5402850954,2025-04-06
P00397,1000000397,Matthew,Calderon,PA,PSY,Psychiatry,LIC104666,ACTIVE,2027-03-16,0186 Garrison Place Suite 699,Franciscofurt,FL,61755,001-232-604-4138x4596,2025-10-31
P00398,1000000398,Michael,Hopkins,MD,ORTH,Orthopedics,LIC938338,INACTIVE,2026-03-06,49542 Ford Mill,South Benjaminstad,NY,63442,+1-483-660-9149x8517,2025-12-27
P00399,1000000399,Katie,Hill,PA,NEUR,Neurology,LIC219490,ACTIVE,2026-07-21,32290 Danny Camp Apt. 879,Bobbybury,GA,08471,001-944-305-8093x511,2025-06-16
P00400,1000000400,William,Young,PA,NEUR,Neurology,LIC715519,ACTIVE,2027-02-02,561 Liu Divide Apt. 595,Theresastad,IL,62194,790-725-0429x0193,2025-11-02
P00401,1000000401,Shelby,Gray,NP,PSY,Psychiatry,LIC744333,ACTIVE,2026-06-26,261 Susan Fork,Ryanville,NY,69675,6975887543,2025-11-13
P00402,1000000402,Mark,Lloyd,NP,NEUR,Neurology,LIC222629,ACTIVE,2026-09-02,75137 Cox Knoll Apt. 579,South Kristie,NY,30616,001-628-736-9294,2025-03-02
P00403,1000000403,Lee,Miller,DO,ONC,Oncology,LIC702727,ACTIVE,2027-09-03,297 Rachel Wells Suite 021,Bakerside,NY,93743,712.406.0212x8866,2025-08-03
P00404,1000000404,Richard,Hawkins,DO,PSY,Psychiatry,LIC681868,ACTIVE,2027-07-05,55999 Virginia Cape Apt. 576,Yangchester,WA,38418,001-772-929-8120x99576,2025-11-22
P00405,1000000405,Gregory,Sharp,PA,FAMP,Family Practice,LIC749498,ACTIVE,2026-11-19,34750 Mitchell Lights Suite 220,South April,IL,75885,+1-451-654-2144x773,2025-04-06
P00406,1000000406,Sheila,Green,DO,CARD,Cardiology,LIC954815,ACTIVE,2026-05-20,42138 Anthony Canyon,North Tracy,GA,03879,(934)896-7827x411,2025-09-06
P00407,1000000407,Trevor,Miller,PA,ONC,Oncology,LIC844638,INACTIVE,2027-05-19,1513 Mark Parkways,Joshuahaven,GA,88592,001-815-506-1853x80032,2025-12-17
P00408,1000000408,Emily,Baker,MD,FAMP,Family Practice,LIC934541,ACTIVE,2027-08-02,2742 Cynthia Corners,North Ryan,WA,64816,+1-593-720-6496,2025-02-12
P00409,1000000409,Todd,Sandoval,NP,CARD,Cardiology,LIC276379,ACTIVE,2026-08-19,3477 Harper Plains,Phillipsbury,GA,15229,001-446-975-3612x75156,2025-05-21
P00410,1000000410,Mary,Shields,NP,DERM,Dermatology,LIC912764,ACTIVE,2026-04-27,304 Romero Vista Suite 085,Emilychester,IL,51799,866.540.4735x047,2025-10-21
P00411,1000000411,Ashley,Jackson,DO,CARD,Cardiology,LIC545807,ACTIVE,2027-07-14,199 Anderson Plains,Lake Andrewfurt,FL,12330,001-555-681-0835x83286,2025-08-14
P00412,1000000412,Laurie,Lozano,NP,ORTH,Orthopedics,LIC465509,INACTIVE,2027-04-06,3830 Megan Throughway Apt. 867,East Justintown,TX,30648,+1-830-241-6624x1118,2025-01-17
P00413,1000000413,Alexis,Greer,DO,PSY,Psychiatry,LIC950083,ACTIVE,2026-08-31,96394 Coleman Summit,West Joshuaborough,IL,13566,697-564-6136x847,2025-03-02
P00414,1000000414,Patrick,Kaiser,DO,ONC,Oncology,LIC922974,ACTIVE,2027-09-23,8173 Ray Fort Suite 579,Lake Lanceberg,FL,83065,418-823-7931,2025-03-26
P00415,1000000415,Christina,Wells,NP,CARD,Cardiology,LIC725850,ACTIVE,2026-12-26,74645 Benjamin Spurs,Savageview,IL,90992,987.387.5357,2025-10-19
P00416,1000000416,Samantha,Simmons,NP,ORTH,Orthopedics,LIC999695,ACTIVE,2027-08-10,2028 Gabriel Mill,North Nicolefort,TX,22877,+1-787-728-6604x1644,2025-05-29
P00417,1000000417,Anne,Martin,NP,FAMP,Family Practice,LIC787757,ACTIVE,2026-03-02,395 Kennedy Fords Suite 228,Smithchester,NY,23992,(971)704-3318,2025-07-30
P00418,1000000418,Cody,Weber,NP,PED,Pediatrics,LIC968726,ACTIVE,2027-12-30,58350 Joshua View,Silvaport,AZ,48640,+1-464-688-3192x134,2025-03-16
P00419,1000000419,Anne,Martinez,NP,PSY,Psychiatry,LIC758309,ACTIVE,2027-08-15,9994 Clark Alley Apt. 319,East Fred,GA,00533,810-828-7675x48138,2025-03-14
P00420,1000000420,Kim,Mccarthy,PA,DERM,Dermatology,LIC640659,ACTIVE,2026-04-06,8581 Stephanie Roads Suite 268,Henryview,IL,90333,886-552-0575,2025-11-21
P00421,1000000421,Christina,Walter,MD,PSY,Psychiatry,LIC911739,INACTIVE,2026-12-02,5203 Ward Fields,New Lanceville,TX,48849,280-294-0476x044,2025-09-07
P00422,1000000422,Michelle,Pennington,NP,PSY,Psychiatry,LIC991401,ACTIVE,2027-11-12,2781 Mike Ridge Apt. 221,Flowersville,AZ,07847,705.218.4390x552,2025-11-22
P00423,1000000423,Shelia,Powell,PA,PED,Pediatrics,LIC381581,ACTIVE,2026-08-05,38241 Scott Harbor,Lake William,WA,23172,+1-304-348-5157x9197,2025-08-08
P00424,1000000424,Samantha,White,DO,NEUR,Neurology,LIC693643,INACTIVE,2027-08-15,59020 Dana Mount,Lake Sherryport,IL,89746,+1-532-540-6424x2956,2025-10-08
P00425,1000000425,Joshua,Gonzalez,PA,CARD,Cardiology,LIC117072,ACTIVE,2026-04-12,7417 Lane Keys Suite 209,Mooreshire,NY,28112,001-665-543-5884x183,2025-01-24
P00426,1000000426,Taylor,Johnson,PA,PSY,Psychiatry,LIC312146,PENDING,2026-01-01,272 Willis Landing,Barrettton,NY,42754,001-615-402-6755x125,2025-08-22
P00427,1000000427,Steven,Lopez,MD,ORTH,Orthopedics,LIC786385,ACTIVE,2026-10-08,9799 Simon Mountains,West Jennifer,TX,79267,276-440-3816x64969,2025-03-23
P00428,1000000428,William,Nielsen,DO,NEUR,Neurology,LIC154302,ACTIVE,2027-10-27,225 Tara Inlet,Port Michael,WA,52404,(470)523-2441,2025-12-07
P00429,1000000429,Michaela,Kim,MD,PED,Pediatrics,LIC837880,ACTIVE,2027-11-03,85072 Garcia Plaza,Halefort,FL,88114,(873)316-2526x5469,2025-08-08
P00430,1000000430,Michael,Santiago,DO,PSY,Psychiatry,LIC644676,ACTIVE,2026-05-16,92355 Mason Alley,Melendezbury,CA,18599,630.834.6156x2624,2025-02-09
P00431,1000000431,Emma,Castillo,MD,CARD,Cardiology,LIC542828,ACTIVE,2026-12-18,2268 Steven Corner Suite 160,West David,GA,66950,(770)976-6046x4197,2025-12-23
P00432,1000000432,Jennifer,Richard,MD,DERM,Dermatology,LIC866260,INACTIVE,2027-01-28,26861 Adam Station Suite 389,Grahammouth,TX,37425,8177750954,2025-04-28
P00433,1000000433,Emily,Wang,DO,NEUR,Neurology,LIC501312,ACTIVE,2026-11-03,424 Butler Mission,Kennethton,NY,78590,350-486-3218,2025-07-08
P00434,1000000434,Jessica,Schultz,MD,FAMP,Family Practice,LIC739966,ACTIVE,2027-06-28,5793 Williams Islands Suite 029,South Williamland,GA,44773,+1-646-560-2416x1394,2025-02-05
P00435,1000000435,Heather,Williams,DO,NEUR,Neurology,LIC531709,ACTIVE,2027-10-06,64248 Cassandra Falls Suite 406,North Kimberly,GA,86643,(244)779-5133,2025-04-20
P00436,1000000436,Jeffrey,Carr,DO,PED,Pediatrics,LIC888996,ACTIVE,2026-04-13,695 Alvarez Point Apt. 555,Lynnberg,AZ,61049,001-773-382-6460x9178,2025-02-14
P00437,1000000437,Jared,Mercer,DO,NEUR,Neurology,LIC359822,ACTIVE,2026-11-19,4577 Eric Prairie Apt. 959,Perrytown,TX,98986,587-336-8269x1163,2025-08-08
P00438,1000000438,Ashley,White,NP,PED,Pediatrics,LIC916808,INACTIVE,2027-09-08,686 Potter Manor,Luisstad,CA,83112,958-688-6367,2025-10-11
P00439,1000000439,Margaret,Cole,DO,ORTH,Orthopedics,LIC884170,ACTIVE,2027-06-15,4085 Douglas Springs,South Bettychester,CA,55324,(730)593-2998x19960,2025-04-16
P00440,1000000440,Garrett,Garrett,MD,PED,Pediatrics,LIC352792,ACTIVE,2027-01-31,0968 Melissa Estates,Woodbury,TX,23466,935.524.1039x7739,2025-09-11
P00441,1000000441,Laura,Kaufman,DO,CARD,Cardiology,LIC505629,INACTIVE,2026-11-21,523 Bowen Cliff,Lake Antoniochester,AZ,68627,661.864.8198x0770,2025-07-04
P00442,1000000442,Maria,Hardy,DO,NEUR,Neurology,LIC899776,ACTIVE,2027-12-01,6876 Dale Vista,Katherineshire,TX,99273,625-365-2373,2025-10-07
P00443,1000000443,Mark,Benson,MD,CARD,Cardiology,LIC374921,ACTIVE,2026-03-11,734 Phillips Mills Suite 749,Brookeberg,CA,19902,640.435.9544x29477,2025-10-28
P00444,1000000444,Julia,Neal,PA,ONC,Oncology,LIC544150,ACTIVE,2026-10-21,464 Anthony Forest,Eddietown,TX,34503,(788)867-9252x985,2025-09-17
P00445,1000000445,Michelle,Washington,NP,FAMP,Family Practice,LIC182860,ACTIVE,2026-03-27,727 Smith Circles,Jeffreyborough,FL,29901,(249)513-5779,2025-05-23
P00446,1000000446,Judith,Cox,PA,FAMP,Family Practice,LIC714923,ACTIVE,2026-12-01,1581 Tran Place,Port Brianshire,TX,69044,634.623.3720,2025-10-02
P00447,1000000447,Christopher,Lee,DO,ORTH,Orthopedics,LIC160718,ACTIVE,2027-03-24,84033 Brenda Prairie,Marshallside,AZ,07196,913-671-7173x18939,2025-12-24
P00448,1000000448,Ashley,Perkins,MD,DERM,Dermatology,LIC424314,ACTIVE,2027-09-19,739 Gay Glen,Guzmanfort,NY,83224,(558)778-4448,2025-08-21
P00449,1000000449,Joshua,Hoffman,DO,DERM,Dermatology,LIC835575,ACTIVE,2027-12-26,712 Smith Pass Suite 722,Port Ryanport,GA,12896,958.323.1334x845,2025-01-07
P00450,1000000450,Gail,Pennington,NP,NEUR,Neurology,LIC275073,ACTIVE,2027-06-14,252 Katie Turnpike,Port Eric,WA,87348,(958)679-6434,2025-09-25
P00451,1000000451,Nathan,Torres,PA,DERM,Dermatology,LIC385192,ACTIVE,2026-12-10,574 Elliott Track Suite 060,Gomezberg,WA,60386,001-540-533-4450x56658,2025-01-16
P00452,1000000452,Christina,Alexander,NP,DERM,Dermatology,LIC158132,ACTIVE,2027-04-12,13257 Crane Cape Suite 734,Brownton,NY,84338,648-557-4172x15622,2025-09-12
P00453,1000000453,Anna,Gonzales,MD,NEUR,Neurology,LIC701790,ACTIVE,2026-09-19,848 Norris Dam Apt. 557,East Manuel,TX,30343,855.934.4902x166,2025-03-22
P00454,1000000454,Lauren,Decker,MD,PED,Pediatrics,LIC112884,ACTIVE,2026-01-03,509 Forbes Parkways,Kristyfort,GA,37548,001-451-319-1818,2025-09-18
P00455,1000000455,Audrey,Mcdonald,DO,NEUR,Neurology,LIC999138,ACTIVE,2026-06-03,64772 Jones Rue,Shawnchester,AZ,03316,(594)709-6003x5624,2025-07-16
P00456,1000000456,Amanda,Valdez,PA,PED,Pediatrics,LIC855276,ACTIVE,2026-09-12,592 Kendra Ford,Huntertown,TX,70417,+1-402-885-1553x334,2025-06-14
P00457,1000000457,Vickie,Hall,MD,NEUR,Neurology,LIC288056,ACTIVE,2027-05-30,0271 Johnson Ways,South Brandon,CA,57982,(533)369-1128x9812,2025-03-03
P00458,1000000458,Shelia,Yang,NP,ONC,Oncology,LIC911102,INACTIVE,2027-04-22,563 Tracie Union Suite 748,South Allenfurt,IL,55553,(615)754-1643x1670,2025-02-05
P00459,1000000459,Brandon,Boone,MD,DERM,Dermatology,LIC486839,ACTIVE,2027-04-13,028 Donald Mountains,North Caitlynborough,WA,97474,+1-445-296-2622x82251,2025-10-11
P00460,1000000460,Tyler,Torres,PA,PED,Pediatrics,LIC910143,ACTIVE,2027-01-13,9500 Johnson Mountains Apt. 260,Farmerhaven,FL,22749,(910)953-1611,2025-08-26
P00461,1000000461,Tonya,Chase,MD,FAMP,Family Practice,LIC344315,ACTIVE,2027-02-24,90477 Anderson Shoals Suite 917,Goodmanshire,CA,26228,(638)322-3116,2025-01-04
P00462,1000000462,John,King,PA,NEUR,Neurology,LIC990247,ACTIVE,2027-11-05,7988 Wolf Curve Suite 652,Lake Rebeccafurt,WA,83322,7322020326,2025-01-01
P00463,1000000463,Ashley,Webb,DO,DERM,Dermatology,LIC540208,ACTIVE,2027-06-27,96737 Gardner Crest Suite 855,West Matthew,CA,64379,001-587-915-8415x60821,2025-04-16
P00464,1000000464,Maria,Martinez,MD,FAMP,Family Practice,LIC146032,INACTIVE,2026-10-14,54768 Tammy Parkways Apt. 683,Port Erin,AZ,02692,758.592.9880,2025-12-31
P00465,1000000465,Heather,Osborn,MD,NEUR,Neurology,LIC629979,ACTIVE,2026-03-28,2129 Megan Terrace,New Sheri,AZ,80411,(234)306-4686x77524,2025-08-23
P00466,1000000466,John,Peters,MD,DERM,Dermatology,LIC556112,ACTIVE,2027-08-05,99106 Douglas View Apt. 362,Myersborough,NY,33081,(613)742-6192x372,2025-10-31
P00467,1000000467,Alex,Wilson,NP,PED,Pediatrics,LIC939717,ACTIVE,2026-09-25,197 Donna Hills Apt. 897,North Nicole,IL,99362,001-554-306-4176x9274,2025-05-30
P00468,1000000468,Christopher,Dennis,DO,NEUR,Neurology,LIC178315,INACTIVE,2026-10-06,76601 Kirby Street Suite 485,Estradaview,NY,47249,801-673-9739,2025-08-20
P00469,1000000469,Dalton,Norman,DO,DERM,Dermatology,LIC571404,ACTIVE,2026-04-19,996 Williams Coves Apt. 911,West Betty,AZ,93471,+1-266-505-7798x066,2025-03-21
P00470,1000000470,Ashley,Johnson,DO,DERM,Dermatology,LIC573869,ACTIVE,2027-01-02,46074 Cardenas Key Suite 347,West Stephenview,WA,21550,788.756.5271,2025-10-02
P00471,1000000471,Christina,Singh,NP,DERM,Dermatology,LIC966529,ACTIVE,2026-06-11,4116 Howell Route,Port Patrick,CA,35193,001-675-657-5225x013,2025-02-16
P00472,1000000472,Katherine,Medina,MD,PED,Pediatrics,LIC845702,ACTIVE,2026-06-01,131 Jennifer Wells Suite 425,Randyfurt,IL,14083,001-249-991-5370x3824,2025-06-17
P00473,1000000473,Jeffrey,Neal,NP,ONC,Oncology,LIC372804,INACTIVE,2026-02-20,37320 Sanchez Brooks,Masseychester,NY,73419,+1-893-662-8969,2025-09-20
P00474,1000000474,Jasmine,Holden,DO,CARD,Cardiology,LIC199326,ACTIVE,2027-04-09,5535 Jones Square Apt. 538,North Tina,NY,67013,001-278-951-9358x374,2025-07-27
P00475,1000000475,Christine,Crawford,DO,DERM,Dermatology,LIC237064,ACTIVE,2026-03-05,20878 Paula Neck Apt. 151,Ashleytown,AZ,94035,+1-876-426-3748x453,2025-01-07
P00476,1000000476,Katie,Baird,MD,NEUR,Neurology,LIC710610,ACTIVE,2027-10-08,90591 Christina Pines Suite 233,Port Howard,TX,85620,415.311.6966x6725,2025-12-18
P00477,1000000477,Larry,Thompson,PA,CARD,Cardiology,LIC948611,ACTIVE,2026-07-22,7124 Gonzalez Keys Apt. 571,Andrewton,IL,73524,8516208005,2025-02-03
P00478,1000000478,Anthony,Stein,MD,DERM,Dermatology,LIC276149,INACTIVE,2027-04-18,23972 Theresa Court Apt. 959,South Jasmine,AZ,23765,427.309.0814x41529,2025-01-22
P00479,1000000479,Tyler,Munoz,PA,ONC,Oncology,LIC816400,ACTIVE,2026-01-31,8671 Matthew Lakes Apt. 373,Williamston,IL,63471,+1-691-781-5899x88683,2025-09-12
P00480,1000000480,Derek,Gallagher,NP,PED,Pediatrics,LIC567676,INACTIVE,2026-10-09,666 Miller Burg Suite 158,Lynchport,CA,65724,001-240-280-3149x98250,2025-04-06
P00481,1000000481,Tammy,Cruz,PA,PED,Pediatrics,LIC532005,INACTIVE,2026-10-30,068 William Springs Apt. 317,East Jennifer,GA,10064,001-237-539-9006x314,2025-11-28
P00482,1000000482,Donna,Herman,PA,CARD,Cardiology,LIC243902,ACTIVE,2026-10-14,63560 Donald Gateway Suite 694,Lake Jill,FL,36233,(406)566-4374x90607,2025-02-14
P00483,1000000483,Chad,Wilson,NP,CARD,Cardiology,LIC602985,ACTIVE,2028-01-01,1285 Sherry Glens,Mitchellport,GA,37817,001-541-416-3187,2025-07-15
P00484,1000000484,April,Johnson,NP,NEUR,Neurology,LIC507247,ACTIVE,2027-05-30,13062 Kathryn Valley Apt. 369,Samuelberg,CA,58437,+1-408-733-5090x254,2025-10-17
P00485,1000000485,Steven,Valenzuela,MD,NEUR,Neurology,LIC950069,ACTIVE,2026-08-13,6248 Jeffrey Road,West Diane,CA,58024,4717398482,2025-11-02
P00486,1000000486,Brian,Cohen,DO,PSY,Psychiatry,LIC267378,ACTIVE,2027-01-02,809 Jennifer Islands Suite 021,North Patrick,FL,74256,2699130981,2025-09-29
P00487,1000000487,Sharon,Newman,DO,ORTH,Orthopedics,LIC703656,INACTIVE,2026-02-27,967 Felicia Ridge Suite 577,South Amanda,AZ,47704,824.626.4250,2025-10-01
P00488,1000000488,Douglas,Stevens,DO,NEUR,Neurology,LIC721301,ACTIVE,2026-06-30,2536 Stephenson Mount,Wallacefurt,IL,61255,(755)962-8333x393,2025-03-30
P00489,1000000489,Amy,Gallagher,NP,CARD,Cardiology,LIC695225,ACTIVE,2027-12-19,4362 Rodriguez Run Suite 496,East Jeffside,FL,21042,+1-868-562-7036x92492,2025-12-27
P00490,1000000490,Edward,Stewart,DO,PSY,Psychiatry,LIC614259,ACTIVE,2026-11-13,275 Erica Turnpike,North Andrewton,CA,43952,755-932-3415,2025-10-05
P00491,1000000491,Thomas,Padilla,MD,PED,Pediatrics,LIC652021,ACTIVE,2026-08-13,1822 Robert Place Suite 288,Gravesview,IL,90935,812.971.0267,2025-11-05
P00492,1000000492,George,Smith,DO,PED,Pediatrics,LIC941403,INACTIVE,2026-12-15,9927 Tara Skyway Suite 515,East Dennisport,IL,89285,(821)435-4159x7099,2025-03-08
P00493,1000000493,Michael,King,DO,CARD,Cardiology,LIC911982,ACTIVE,2026-06-01,075 Brett Garden Suite 476,Billymouth,IL,86931,658-802-9090,2025-01-12
P00494,1000000494,James,Harrison,PA,DERM,Dermatology,LIC714483,ACTIVE,2027-12-23,46558 Russell Junctions Apt. 548,South Juan,WA,11420,315.481.0213x125,2025-07-11
P00495,1000000495,Ashley,Young,PA,NEUR,Neurology,LIC930307,ACTIVE,2026-06-11,00591 Brandi Well,Welchmouth,GA,87655,391-202-3121,2025-03-11
P00496,1000000496,Ryan,Jennings,NP,NEUR,Neurology,LIC334081,ACTIVE,2027-12-26,16583 Roth Station,Jacobsburgh,NY,62001,590-372-8012x3428,2025-03-31
P00497,1000000497,Jacqueline,Jones,NP,ONC,Oncology,LIC233534,ACTIVE,2027-12-07,3269 Guzman Parkways,Jefferyview,CA,45689,001-838-304-4210x1750,2025-06-07
P00498,1000000498,Emily,Roach,DO,ONC,Oncology,LIC731650,ACTIVE,2026-02-03,15959 Ashley Stream Suite 757,Victorfort,FL,41588,+1-933-792-0567,2025-10-18
P00499,1000000499,Sandra,Mathis,NP,DERM,Dermatology,LIC881549,ACTIVE,2026-05-25,7722 Barnes Burg Apt. 562,Diazchester,IL,87240,(429)623-1067,2025-09-12
P00500,1000000500,Matthew,Smith,MD,NEUR,Neurology,LIC961574,ACTIVE,2027-10-14,48433 Lawson Parks Suite 627,West Suzanneland,IL,42874,001-679-442-3873x670,2025-03-27
