provider_id,npi,first_name,last_name,provider_type,credential_status,last_updated_date
P00001,1000000001,Danielle,Johnson,DO,ACTIVE,2025-01-13
P00002,1000000002,Susan,Rogers,MD,ACTIVE,2025-10-30
P00003,1000000003,Melissa,Delacruz,PA,ACTIVE,2025-10-15
P00004,1000000004,Diana,Foster,PA,ACTIVE,2025-03-23
P00005,1000000005,Erin,Wilson,PA,ACTIVE,2025-02-22
P00006,1000000006,Daniel,Cox,MD,ACTIVE,2025-01-23
P00007,1000000007,Brianna,Hall,MD,ACTIVE,2025-10-23
P00008,1000000008,Michael,Jenkins,PA,ACTIVE,2025-04-30
P00009,1000000009,Denise,Fernandez,DO,ACTIVE,2025-07-09
P00010,1000000010,Brian,Silva,DO,ACTIVE,2025-10-01
P00011,1000000011,James,Moran,MD,ACTIVE,2025-01-29
P00012,1000000012,Eric,Bass,NP,ACTIVE,2025-04-19
P00013,1000000013,Kellie,Walsh,DO,ACTIVE,2025-03-15
P00014,1000000014,Nicole,Johnson,NP,PENDING,2025-10-26
P00015,1000000015,Sheila,Wilson,MD,ACTIVE,2025-02-16
P00016,1000000016,Elizabeth,Martinez,PA,ACTIVE,2025-07-17
P00017,1000000017,Scott,Lewis,NP,ACTIVE,2025-12-16
P00018,1000000018,Jeffery,Brock,PA,PENDING,2025-08-11
P00019,1000000019,Chris,Mitchell,NP,ACTIVE,2025-09-17
P00020,1000000020,Kenneth,Price,MD,ACTIVE,2025-07-11
P00021,1000000021,Nicholas,Lewis,DO,ACTIVE,2025-07-05
P00022,1000000022,Katie,Jackson,DO,ACTIVE,2025-09-06
P00023,1000000023,Casey,Holland,PA,INACTIVE,2025-09-28
P00024,1000000024,Karen,Hudson,NP,INACTIVE,2025-07-24
P00025,1000000025,Kelly,Sullivan,MD,ACTIVE,2025-05-07
P00026,1000000026,Marissa,Phillips,MD,ACTIVE,2025-01-04
P00027,1000000027,Victoria,Wilson,DO,ACTIVE,2025-02-06
P00028,1000000028,Antonio,Roberts,PA,ACTIVE,2025-10-20
P00029,1000000029,Haley,Lyons,PA,ACTIVE,2025-02-18
P00030,1000000030,Cynthia,Vasquez,MD,ACTIVE,2025-12-11
P00031,1000000031,Brian,Stone,DO,ACTIVE,2025-05-08
P00033,1000000033,Martin,Hines,MD,INACTIVE,2025-11-30
P00034,1000000034,Jennifer,Ortiz,PA,INACTIVE,2025-07-28
P00035,1000000035,Garrett,Evans,PA,INACTIVE,2025-07-14
P00036,1000000036,Dana,Stevens,PA,ACTIVE,2025-08-05
P00037,1000000037,Andrew,Greer,MD,ACTIVE,2025-10-24
P00038,1000000038,James,Buchanan,DO,PENDING,2025-09-15
P00039,1000000039,Daniel,Hall,MD,INACTIVE,2025-02-05
P00040,1000000040,Brenda,Barber,MD,ACTIVE,2025-10-19
P00041,1000000041,John,Martinez,NP,ACTIVE,2025-04-15
P00042,1000000042,Grant,Williams,MD,ACTIVE,2025-08-23
P00043,1000000043,David,Weber,NP,INACTIVE,2025-10-03
P00044,1000000044,Christopher,Davis,DO,INACTIVE,2025-07-09
P00045,1000000045,Lindsay,Bruce,NP,ACTIVE,2025-12-08
P00046,1000000046,Matthew,Wood,DO,ACTIVE,2025-03-01
P00047,1000000047,Randall,Greene,NP,ACTIVE,2025-04-15
P00049,1000000049,Rebecca,Bailey,PA,ACTIVE,2025-03-24
P00050,1000000050,Michael,Jones,NP,ACTIVE,2025-10-07
P00051,1000000051,Dale,Nolan,NP,PENDING,2025-01-22
P00052,1000000052,Christopher,Alvarado,DO,ACTIVE,2025-04-18
P00053,1000000053,Nancy,Williamson,DO,ACTIVE,2025-05-02
P00054,1000000054,Brett,Castillo,NP,ACTIVE,2025-12-09
P00055,1000000055,Sarah,Combs,DO,INACTIVE,2025-01-20
P00056,1000000056,Crystal,Andrews,DO,ACTIVE,2025-06-06
P00057,1000000057,Julie,Kelly,NP,ACTIVE,2025-05-23
P00058,1000000058,Zachary,Hays,NP,ACTIVE,2025-01-15
P00059,1000000059,Amy,Morris,PA,ACTIVE,2025-02-25
P00060,1000000060,Kimberly,Diaz,MD,INACTIVE,2025-11-07
P00061,1000000061,Jason,Carr,PA,ACTIVE,2025-01-23
P00062,1000000062,Linda,Arnold,NP,ACTIVE,2025-08-09
P00063,1000000063,Fred,Morris,PA,ACTIVE,2025-09-17
P00064,1000000064,Marcia,Johnson,PA,ACTIVE,2025-04-09
P00065,1000000065,Matthew,Thomas,MD,ACTIVE,2025-07-27
P00066,1000000066,Kathryn,Jimenez,PA,ACTIVE,2025-08-27
P00067,1000000067,Brett,Hoffman,NP,ACTIVE,2025-12-04
P00069,1000000069,Tammy,Patton,PA,INACTIVE,2025-01-24
P00070,1000000070,Warren,Carr,DO,ACTIVE,2025-08-01
P00071,1000000071,Shelly,Hendrix,MD,INACTIVE,2025-05-05
P00072,1000000072,Daniel,Yang,PA,ACTIVE,2025-04-23
P00073,1000000073,Denise,Hall,NP,INACTIVE,2025-03-10
P00074,1000000074,Joshua,Lamb,PA,ACTIVE,2025-03-23
P00075,1000000075,Jose,Ward,NP,ACTIVE,2025-11-17
P00076,1000000076,Erin,Larson,NP,ACTIVE,2025-05-20
P00077,1000000077,Rachel,Griffin,DO,ACTIVE,2025-07-16
P00078,1000000078,Valerie,Kennedy,PA,ACTIVE,2025-06-19
P00079,1000000079,Joshua,Pineda,MD,INACTIVE,2025-10-27
P00080,1000000080,Joel,Walter,NP,ACTIVE,2025-01-04
P00081,1000000081,Linda,Melendez,NP,ACTIVE,2025-09-07
P00082,1000000082,Sharon,Hayden,PA,ACTIVE,2025-12-09
P00083,1000000083,Robin,Wood,MD,ACTIVE,2025-11-15
P00084,1000000084,Sierra,Barnett,DO,ACTIVE,2025-11-26
P00085,1000000085,Daniel,Davis,PA,ACTIVE,2025-06-17
P00086,1000000086,Dana,Warner,MD,ACTIVE,2025-08-04
P00087,1000000087,Anne,Knight,MD,PENDING,2025-04-25
P00088,1000000001,Jacob,Willis,MD,ACTIVE,2025-05-07
P00089,1000000089,Christopher,Spencer,DO,ACTIVE,2025-12-09
P00090,1000000090,Jennifer,Simpson,MD,INACTIVE,2025-11-07
P00092,1000000092,Amy,Gibbs,DO,ACTIVE,2025-04-12
P00093,1000000093,Neil,Ford,NP,ACTIVE,2025-10-17
P00094,1000000094,Lisa,Wilson,NP,INACTIVE,2025-09-17
P00095,1000000095,Michael,Gonzalez,PA,ACTIVE,2025-08-10
P00096,1000000096,Isaac,Steele,PA,ACTIVE,2025-11-12
P00097,1000000097,Jennifer,Wallace,NP,ACTIVE,2025-05-06
P00098,1000000098,Curtis,Greer,PA,ACTIVE,2025-06-22
P00099,1000000099,Mario,Padilla,NP,INACTIVE,2025-07-01
P00100,1000000100,Richard,Brady,MD,ACTIVE,2025-09-22
P00101,1000000101,Allen,Noble,PA,ACTIVE,2025-12-20
P00102,1000000102,Diana,Padilla,DO,ACTIVE,2025-04-24
P00103,1000000103,Derrick,Ayala,NP,PENDING,2025-10-11
P00104,1000000104,Kylie,Wright,NP,ACTIVE,2025-12-26
P00105,1000000105,Sarah,Anderson,DO,ACTIVE,2025-06-11
P00106,1000000106,Brenda,Hines,NP,INACTIVE,2025-10-29
P00107,1000000107,Jessica,Wilson,NP,ACTIVE,2025-07-04
P00108,1000000108,Brandon,Cox,NP,INACTIVE,2025-01-24
P00109,1000000109,Christopher,Bryant,NP,ACTIVE,2025-01-07
P00110,1000000110,Christopher,Morse,PA,INACTIVE,2025-01-27
P00111,1000000111,Daniel,Cole,MD,ACTIVE,2025-02-07
P00112,1000000112,Melissa,Hawkins,PA,ACTIVE,2025-05-08
P00113,1000000113,Brent,Glass,NP,PENDING,2025-08-19
P00114,1000000114,Robert,Day,DO,ACTIVE,2025-11-09
P00115,1000000115,Craig,Sandoval,MD,ACTIVE,2025-05-03
P00116,1000000116,Tracy,Davis,DO,ACTIVE,2025-05-30
P00117,1000000117,Nathaniel,Mcmahon,NP,ACTIVE,2025-12-18
P00118,1000000118,Sharon,Taylor,DO,ACTIVE,2025-02-28
P00119,1000000119,Amy,Garcia,DO,ACTIVE,2025-02-06
P00120,1000000120,Craig,Harris,NP,ACTIVE,2025-03-05
P00121,1000000121,Jamie,Little,MD,ACTIVE,2025-08-13
P00122,1000000001,Christopher,Cooper,MD,ACTIVE,2025-02-16
P00123,1000000123,David,Henderson,PA,ACTIVE,2025-03-31
P00124,1000000124,Joseph,Pena,NP,ACTIVE,2025-02-16
P00125,1000000125,Jason,Holloway,PA,ACTIVE,2025-06-18
P00126,1000000126,Erin,Allen,NP,ACTIVE,2025-08-21
P00127,1000000127,Carolyn,Smith,PA,ACTIVE,2025-12-03
P00128,1000000128,Jacob,Holmes,MD,ACTIVE,2025-11-17
P00129,1000000129,Connor,Anderson,PA,ACTIVE,2025-08-13
P00130,1000000130,Monica,Hernandez,MD,ACTIVE,2025-06-09
P00131,1000000131,Richard,Sanford,DO,INACTIVE,2025-08-25
P00132,1000000132,Stephen,Meyer,PA,ACTIVE,2025-08-01
P00133,1000000133,Robert,James,DO,ACTIVE,2025-04-08
P00134,1000000134,Kenneth,Williams,MD,ACTIVE,2025-09-17
P00135,1000000135,Laurie,Edwards,PA,ACTIVE,2025-08-17
P00136,1000000001,Robert,Garza,DO,ACTIVE,2025-06-14
P00137,1000000137,Mary,Grant,PA,PENDING,2025-06-12
P00138,1000000138,Tina,Mcgee,NP,INACTIVE,2025-01-19
P00139,1000000139,Connor,Hopkins,MD,ACTIVE,2025-09-27
P00140,1000000140,Brandon,Schultz,NP,ACTIVE,2025-08-29
P00141,1000000141,Raymond,Cooper,PA,ACTIVE,2025-12-12
P00142,1000000142,Natalie,Henderson,DO,ACTIVE,2025-11-13
P00143,1000000143,John,Mueller,MD,ACTIVE,2025-02-16
P00144,1000000144,Billy,Ramirez,NP,ACTIVE,2025-03-27
P00145,1000000145,Robert,Herrera,PA,ACTIVE,2025-07-03
P00146,1000000146,Rhonda,Short,MD,INACTIVE,2025-03-29
P00147,1000000147,Andrew,Love,DO,ACTIVE,2025-10-26
P00148,1000000148,Keith,Jennings,PA,ACTIVE,2025-12-08
P00149,1000000149,Kevin,Goodman,NP,PENDING,2025-08-15
P00150,1000000150,Justin,Jones,PA,ACTIVE,2025-06-04
P00151,1000000151,Sean,Hampton,NP,ACTIVE,2025-10-20
P00152,1000000152,Philip,Vance,MD,ACTIVE,2025-01-05
P00153,1000000153,Jim,Barnett,DO,ACTIVE,2025-11-07
P00154,1000000154,Laura,Eaton,MD,ACTIVE,2025-11-18
P00155,1000000155,Andrew,Williams,NP,ACTIVE,2025-03-09
P00156,1000000156,Carolyn,Norton,NP,ACTIVE,2025-03-09
P00157,1000000157,Natalie,Schmidt,NP,INACTIVE,2025-05-12
P00158,1000000158,Jacob,Fletcher,DO,ACTIVE,2025-02-08
P00159,1000000159,Mitchell,Peters,MD,ACTIVE,2025-02-16
P00160,1000000160,Nathan,Lynch,NP,ACTIVE,2025-12-11
P00161,1000000161,Wendy,Chan,PA,ACTIVE,2025-12-12
P00162,1000000162,Matthew,Wilson,PA,ACTIVE,2025-11-28
P00163,1000000163,Charles,Velazquez,MD,PENDING,2025-03-13
P00164,1000000164,Melanie,Watson,DO,ACTIVE,2025-05-01
P00165,1000000165,Michael,Hensley,MD,ACTIVE,2025-08-01
P00166,1000000001,James,Marsh,NP,ACTIVE,2025-01-17
P00167,1000000167,Shannon,Cook,NP,ACTIVE,2025-02-20
P00168,1000000168,Christian,Cooper,DO,INACTIVE,2025-07-23
P00170,1000000170,Crystal,Fields,MD,ACTIVE,2025-10-17
P00171,1000000171,Albert,Jordan,DO,INACTIVE,2025-04-30
P00172,1000000172,Melissa,White,NP,ACTIVE,2025-03-16
P00173,1000000173,Steven,Moody,DO,ACTIVE,2025-01-08
P00174,1000000174,Eric,Chandler,PA,ACTIVE,2025-01-27
P00175,1000000175,Nathan,Davis,MD,ACTIVE,2025-08-18
P00176,1000000176,James,Lopez,MD,PENDING,2025-08-23
P00177,1000000177,Chloe,Morris,PA,INACTIVE,2025-12-18
P00178,1000000178,Laurie,Brown,DO,ACTIVE,2025-06-14
P00179,1000000179,Emily,Park,NP,ACTIVE,2025-11-02
P00180,1000000180,Tonya,Larson,DO,ACTIVE,2025-12-26
P00181,1000000001,Pamela,Wright,PA,ACTIVE,2025-06-23
P00182,1000000182,Cynthia,Chen,NP,PENDING,2025-06-10
P00183,1000000183,Ashley,Williams,MD,ACTIVE,2025-02-16
P00184,1000000184,Melvin,Rios,NP,ACTIVE,2025-10-12
P00185,1000000185,Jody,Lewis,NP,ACTIVE,2025-01-27
P00186,1000000186,Todd,Harper,DO,ACTIVE,2025-12-03
P00187,1000000187,Natasha,Zamora,DO,ACTIVE,2025-05-23
P00188,1000000188,Bianca,Sutton,NP,ACTIVE,2025-01-15
P00189,1000000189,Jack,Farmer,DO,ACTIVE,2025-01-04
P00190,1000000190,Carl,Ho,MD,ACTIVE,2025-11-21
P00191,1000000191,Angela,Black,DO,ACTIVE,2025-08-21
P00192,1000000192,Shawn,Mosley,DO,ACTIVE,2025-01-27
P00193,1000000193,Misty,White,PA,ACTIVE,2025-08-15
P00194,1000000194,Shawn,Ramos,MD,ACTIVE,2025-04-21
P00195,1000000195,Cheryl,Holt,NP,ACTIVE,2025-09-27
P00196,1000000196,Timothy,Barker,DO,ACTIVE,2025-04-15
P00197,1000000197,Matthew,Castro,MD,ACTIVE,2025-06-17
P00198,1000000198,Patricia,Herrera,DO,ACTIVE,2025-07-14
P00199,1000000199,Tyler,Young,PA,ACTIVE,2025-07-23
P00200,1000000200,Jenny,Stevens,PA,ACTIVE,2025-10-22
P00201,1000000201,Edward,Hill,NP,INACTIVE,2025-07-27
P00202,1000000202,Thomas,Lowe,MD,ACTIVE,2025-02-15
P00203,1000000203,Gabrielle,Mckinney,NP,ACTIVE,2025-07-22
P00204,1000000204,Angela,Jones,MD,ACTIVE,2025-09-19
P00205,1000000205,Gregory,Blanchard,DO,ACTIVE,2025-11-27
P00206,1000000206,Samantha,Zuniga,MD,PENDING,2025-11-05
P00207,1000000207,Thomas,Lopez,PA,INACTIVE,2025-10-16
P00208,1000000208,Roger,Smith,MD,ACTIVE,2025-03-19
P00209,1000000209,Chloe,Berger,NP,ACTIVE,2025-10-30
P00210,1000000210,Todd,Martinez,NP,ACTIVE,2025-01-20
P00211,1000000211,Tracey,Coffey,MD,INACTIVE,2025-08-25
P00212,1000000212,Frances,Price,DO,ACTIVE,2025-11-06
P00213,1000000213,Amy,Chambers,DO,ACTIVE,2025-09-16
P00214,1000000214,Diana,Yoder,DO,ACTIVE,2025-09-26
P00215,1000000215,Scott,Vasquez,MD,ACTIVE,2025-07-29
P00216,1000000216,Elizabeth,Adams,PA,ACTIVE,2025-06-18
P00217,1000000217,Maureen,Hodges,DO,ACTIVE,2025-02-11
P00218,1000000218,Victor,Hanna,MD,ACTIVE,2025-11-01
P00219,1000000219,Lisa,Rodriguez,MD,ACTIVE,2025-12-10
P00220,1000000220,Sara,Williams,DO,ACTIVE,2025-07-05
P00221,1000000221,Caitlyn,Love,DO,ACTIVE,2025-04-26
P00222,1000000222,Justin,Hamilton,DO,ACTIVE,2025-12-05
P00223,1000000223,Joan,Kane,DO,ACTIVE,2025-12-21
P00224,1000000224,George,Cooper,PA,ACTIVE,2025-12-13
P00225,1000000225,Tina,Williams,NP,ACTIVE,2025-10-01
P00226,1000000226,Tiffany,Ford,PA,ACTIVE,2025-12-14
P00227,1000000227,Zachary,Kent,DO,ACTIVE,2025-03-24
P00228,1000000228,Todd,Rose,MD,ACTIVE,2025-10-11
P00229,1000000229,Edward,Harris,DO,ACTIVE,2025-08-19
P00230,1000000230,George,Green,PA,ACTIVE,2025-06-28
P00231,1000000231,Jack,Hart,NP,ACTIVE,2025-07-17
P00232,1000000232,Matthew,Rodriguez,MD,INACTIVE,2025-03-16
P00233,1000000233,Tracy,Morrison,PA,ACTIVE,2025-12-28
P00234,1000000234,Mary,Harper,DO,INACTIVE,2025-05-12
P00235,1000000235,Anita,Ford,NP,ACTIVE,2025-05-28
P00236,1000000236,Francisco,Brown,PA,ACTIVE,2025-02-02
P00237,1000000237,Derrick,Campbell,MD,ACTIVE,2025-05-30
P00238,1000000238,Jennifer,Johnson,MD,PENDING,2025-12-07
P00239,1000000239,David,King,MD,ACTIVE,2025-07-19
P00240,1000000240,Lori,Hines,MD,ACTIVE,2025-01-09
P00241,1000000241,Kathleen,Edwards,NP,ACTIVE,2025-03-10
P00242,1000000242,Emily,Sanders,DO,ACTIVE,2025-12-23
P00243,1000000243,Vanessa,Dixon,MD,ACTIVE,2025-05-31
P00244,1000000244,Kelly,Jimenez,PA,ACTIVE,2025-06-08
P00245,1000000245,Tony,Rodriguez,NP,INACTIVE,2025-11-28
P00246,1000000246,Ronnie,Braun,NP,INACTIVE,2025-05-20
P00247,1000000247,Ashley,Stokes,PA,ACTIVE,2025-06-23
P00248,1000000248,Joshua,Knight,PA,PENDING,2025-08-06
P00249,1000000249,Michael,Hernandez,MD,ACTIVE,2025-06-14
P00251,1000000251,Daniel,Navarro,PA,ACTIVE,2025-06-30
P00252,1000000252,Amanda,Lyons,PA,ACTIVE,2025-12-10
P00253,1000000253,Amanda,Young,PA,ACTIVE,2025-03-15
P00254,1000000254,Carrie,Li,MD,ACTIVE,2025-07-05
P00255,1000000255,Phillip,Bennett,MD,ACTIVE,2025-07-10
P00256,1000000256,Jeffrey,Harris,NP,PENDING,2025-06-10
P00257,1000000257,Gloria,Reeves,PA,ACTIVE,2025-09-13
P00258,1000000258,Logan,Moreno,NP,INACTIVE,2025-04-20
P00259,1000000259,Edgar,Hall,MD,ACTIVE,2025-03-04
P00260,1000000260,Brandy,Bonilla,NP,ACTIVE,2025-12-16
P00261,1000000261,Diana,Tapia,DO,ACTIVE,2025-03-22
P00262,1000000262,Kenneth,Owen,DO,ACTIVE,2025-04-13
P00263,1000000263,Kelly,Kim,DO,INACTIVE,2025-08-28
P00264,1000000264,Christopher,Mcdowell,PA,ACTIVE,2025-07-23
P00265,1000000265,Kevin,Li,MD,ACTIVE,2025-06-12
P00266,1000000266,Darren,Barrera,DO,PENDING,2025-10-10
P00267,1000000267,Allison,Henderson,DO,ACTIVE,2025-03-05
P00268,1000000268,Laura,Marsh,NP,ACTIVE,2025-06-27
P00269,1000000269,Matthew,Wilson,NP,ACTIVE,2025-03-06
P00270,1000000270,Monica,Bartlett,NP,INACTIVE,2025-03-29
P00271,1000000271,Joseph,Espinoza,NP,ACTIVE,2025-02-11
P00272,1000000272,Robert,Blackwell,NP,ACTIVE,2025-09-12
P00273,1000000273,Katherine,Moore,NP,ACTIVE,2025-12-17
P00274,1000000274,Kevin,Estrada,PA,ACTIVE,2025-08-14
P00275,1000000275,Sean,Wood,PA,ACTIVE,2025-06-13
P00276,1000000276,Carolyn,Ortiz,MD,ACTIVE,2025-05-04
P00277,1000000277,David,Bailey,PA,ACTIVE,2025-01-26
P00278,1000000278,Jill,Brewer,DO,ACTIVE,2025-10-23
P00279,1000000279,Joshua,Harris,MD,INACTIVE,2025-06-07
P00280,1000000280,Kristopher,Russell,NP,ACTIVE,2025-04-21
P00281,1000000281,Lucas,Tran,MD,ACTIVE,2025-05-27
P00282,1000000282,Amanda,Henderson,NP,ACTIVE,2025-07-07
P00283,1000000283,Cheryl,Bernard,MD,ACTIVE,2025-10-11
P00284,1000000284,Kristin,Banks,PA,ACTIVE,2025-03-07
P00285,1000000285,Jim,Snyder,PA,ACTIVE,2025-03-15
P00286,1000000286,Melanie,Johnson,PA,ACTIVE,2026-01-01
P00287,1000000287,Christopher,Armstrong,DO,PENDING,2025-11-10
P00288,1000000288,Kimberly,Harvey,PA,ACTIVE,2025-09-17
P00289,1000000289,Melissa,Morales,MD,ACTIVE,2025-07-08
P00290,1000000290,Timothy,Oliver,DO,ACTIVE,2025-05-16
P00291,1000000291,John,Fuentes,PA,INACTIVE,2025-09-26
P00292,1000000292,Jeffrey,Smith,MD,ACTIVE,2025-10-21
P00293,1000000293,Bradley,Johnson,DO,ACTIVE,2025-03-19
P00294,1000000294,Lisa,Guerrero,DO,ACTIVE,2025-12-28
P00295,1000000295,Jessica,Mueller,PA,ACTIVE,2025-06-10
P00296,1000000296,Ronald,Bennett,DO,ACTIVE,2025-11-09
P00297,1000000297,Jesus,Brewer,DO,ACTIVE,2025-06-02
P00298,1000000298,Lydia,Todd,NP,ACTIVE,2025-06-28
P00299,1000000299,Barbara,Anderson,NP,ACTIVE,2025-06-26
P00300,1000000300,Stacy,Brown,NP,ACTIVE,2025-08-15
P00301,1000000301,Mark,Browning,NP,ACTIVE,2025-10-15
P00302,1000000302,Cassidy,Wright,DO,ACTIVE,2025-01-26
P00303,1000000303,Helen,Bowen,MD,ACTIVE,2025-06-19
P00304,1000000304,Randy,Smith,PA,ACTIVE,2025-07-28
P00306,1000000306,Erin,Brown,DO,PENDING,2025-03-31
P00307,1000000307,Alexis,Valdez,MD,ACTIVE,2025-04-06
P00308,1000000308,Tiffany,Estrada,PA,INACTIVE,2025-05-26
P00309,1000000309,Devin,Jimenez,NP,ACTIVE,2025-04-09
P00310,1000000310,Isaiah,Soto,NP,ACTIVE,2025-01-08
P00312,1000000312,Nicholas,Obrien,MD,PENDING,2025-07-25
P00313,1000000313,Susan,Wise,NP,ACTIVE,2025-05-08
P00314,1000000314,Janice,Mccann,MD,ACTIVE,2025-06-04
P00315,1000000315,Chad,Horton,PA,ACTIVE,2025-12-08
P00316,1000000316,Kelly,Gray,NP,ACTIVE,2025-11-24
P00317,1000000317,Elizabeth,Gray,NP,ACTIVE,2025-03-20
P00318,1000000318,Tara,Fitzgerald,MD,ACTIVE,2025-05-07
P00319,1000000319,Stephanie,Olson,MD,ACTIVE,2025-10-16
P00320,1000000320,Renee,Paul,PA,ACTIVE,2025-03-26
P00321,1000000321,Kelsey,Salinas,MD,ACTIVE,2025-09-19
P00322,1000000322,Troy,Padilla,PA,INACTIVE,2025-10-16
P00324,1000000324,Courtney,Powell,MD,PENDING,2025-12-25
P00325,1000000325,Heather,Davis,DO,ACTIVE,2025-05-27
P00326,1000000326,Angela,Mcbride,PA,ACTIVE,2025-07-15
P00327,1000000327,Barbara,Neal,PA,ACTIVE,2025-03-02
P00328,1000000328,Debra,Martin,PA,ACTIVE,2025-01-12
P00329,1000000329,Regina,Strickland,PA,ACTIVE,2025-04-28
P00330,1000000330,Michael,Figueroa,PA,ACTIVE,2025-01-17
P00331,1000000331,Cynthia,Miller,MD,ACTIVE,2025-04-16
P00332,1000000332,Virginia,Guerrero,PA,ACTIVE,2025-01-23
P00333,1000000333,Aaron,Welch,DO,INACTIVE,2025-09-15
P00334,1000000334,Eric,Douglas,DO,ACTIVE,2025-05-02
P00335,1000000335,Robert,Rivera,DO,ACTIVE,2025-05-21
P00336,1000000336,Ryan,Roberts,PA,ACTIVE,2025-06-26
P00337,1000000337,Sarah,Simmons,PA,ACTIVE,2025-03-18
P00338,1000000338,Hunter,Smith,DO,ACTIVE,2025-04-26
P00339,1000000339,Blake,Donaldson,DO,ACTIVE,2025-08-02
P00340,1000000340,Carlos,Barnes,PA,ACTIVE,2025-11-28
P00342,1000000342,Morgan,Williams,NP,ACTIVE,2025-04-17
P00343,1000000343,Molly,Walters,DO,INACTIVE,2025-09-03
P00344,1000000344,Grace,Lopez,NP,ACTIVE,2025-07-14
P00345,1000000345,Susan,Rodriguez,NP,ACTIVE,2025-02-20
P00346,1000000346,Andrew,Simmons,DO,ACTIVE,2025-10-16
P00347,1000000347,Erin,Hernandez,NP,ACTIVE,2025-03-20
P00348,1000000348,Marcus,Anderson,NP,ACTIVE,2025-10-09
P00349,1000000349,James,Jefferson,NP,ACTIVE,2025-08-24
P00350,1000000350,Dylan,Thomas,MD,ACTIVE,2025-10-05
P00351,1000000351,Angela,Gallegos,DO,ACTIVE,2025-01-04
P00352,1000000352,Joseph,Garcia,PA,ACTIVE,2025-01-05
P00353,1000000353,Leonard,Harding,PA,ACTIVE,2025-01-09
P00354,1000000354,Nicole,Davis,PA,INACTIVE,2025-01-09
P00355,1000000355,Amy,Novak,DO,ACTIVE,2025-02-19
P00356,1000000356,Robert,Harvey,MD,PENDING,2025-05-17
P00357,1000000357,Morgan,Caldwell,NP,INACTIVE,2025-12-23
P00358,1000000358,Bryan,Stokes,PA,ACTIVE,2025-02-17
P00359,1000000359,Sheri,Olson,MD,INACTIVE,2025-12-26
P00360,1000000360,Vanessa,Harding,DO,INACTIVE,2025-09-28
P00361,1000000361,Deborah,Bryant,NP,ACTIVE,2025-01-24
P00362,1000000362,Wesley,Shaffer,DO,ACTIVE,2025-06-11
P00363,1000000363,Eric,Brooks,DO,INACTIVE,2025-06-03
P00364,1000000364,Megan,Burton,MD,ACTIVE,2025-07-16
P00365,1000000365,Courtney,Little,DO,ACTIVE,2025-02-20
P00366,1000000366,Kent,Berger,NP,PENDING,2025-01-16
P00367,1000000367,Mark,Robinson,PA,ACTIVE,2025-07-02
P00368,1000000368,Nicole,Henderson,DO,ACTIVE,2025-11-13
P00369,1000000369,Diane,Watson,DO,ACTIVE,2025-07-14
P00370,1000000370,James,Lang,NP,ACTIVE,2025-02-16
P00371,1000000371,Jennifer,Hill,DO,ACTIVE,2025-03-09
P00372,1000000372,Jordan,Glover,NP,ACTIVE,2025-01-14
P00373,1000000373,Christopher,Miranda,PA,ACTIVE,2025-01-07
P00374,1000000374,Jeffery,Cox,DO,ACTIVE,2025-12-17
P00375,1000000375,Joseph,Mcintosh,DO,ACTIVE,2025-03-16
P00376,1000000376,Erin,Lucas,NP,ACTIVE,2025-02-09
P00377,1000000377,Wesley,Graves,DO,ACTIVE,2025-08-23
P00378,1000000378,Morgan,Kennedy,NP,ACTIVE,2025-11-14
P00379,1000000379,Joseph,Stone,DO,ACTIVE,2025-06-14
P00380,1000000380,James,Riley,PA,ACTIVE,2025-05-30
P00381,1000000381,Russell,Keller,NP,INACTIVE,2025-05-24
P00382,1000000382,Tammy,Garcia,MD,ACTIVE,2025-12-16
P00383,1000000383,Heather,Gordon,MD,INACTIVE,2025-05-30
P00384,1000000384,Christopher,Nelson,NP,ACTIVE,2025-03-13
P00385,1000000385,Cindy,Gonzalez,PA,ACTIVE,2025-07-13
P00386,1000000386,Ryan,Fields,NP,INACTIVE,2025-10-06
P00387,1000000001,Deanna,Barry,NP,ACTIVE,2025-05-08
P00388,1000000388,David,Nguyen,MD,ACTIVE,2025-06-19
P00389,1000000389,Catherine,Pittman,PA,ACTIVE,2025-08-17
P00390,1000000390,Ashley,Lin,MD,ACTIVE,2025-01-13
P00391,1000000391,Jeffrey,Shepard,NP,ACTIVE,2025-03-14
P00392,1000000392,Sandra,Alvarado,MD,ACTIVE,2025-06-28
P00393,1000000393,Kim,Shepherd,MD,ACTIVE,2025-02-04
P00394,1000000394,Vicki,Smith,DO,ACTIVE,2025-11-28
P00395,1000000395,Alison,Adams,PA,ACTIVE,2025-06-19
P00396,1000000396,Joseph,Chapman,PA,ACTIVE,2025-04-06
P00397,1000000397,Matthew,Calderon,PA,ACTIVE,2025-10-31
P00398,1000000398,Michael,Hopkins,MD,INACTIVE,2025-12-27
P00399,1000000399,Katie,Hill,PA,ACTIVE,2025-06-16
P00400,1000000400,William,Young,PA,ACTIVE,2025-11-02
P00401,1000000401,Shelby,Gray,NP,ACTIVE,2025-11-13
P00402,1000000402,Mark,Lloyd,NP,ACTIVE,2025-03-02
P00403,1000000403,Lee,Miller,DO,ACTIVE,2025-08-03
P00404,1000000404,Richard,Hawkins,DO,ACTIVE,2025-11-22
P00405,1000000405,Gregory,Sharp,PA,ACTIVE,2025-04-06
P00406,1000000406,Sheila,Green,DO,ACTIVE,2025-09-06
P00407,1000000407,Trevor,Miller,PA,INACTIVE,2025-12-17
P00408,1000000408,Emily,Baker,MD,ACTIVE,2025-02-12
P00409,1000000409,Todd,Sandoval,NP,ACTIVE,2025-05-21
P00410,1000000410,Mary,Shields,NP,ACTIVE,2025-10-21
P00411,1000000411,Ashley,Jackson,DO,ACTIVE,2025-08-14
P00412,1000000412,Laurie,Lozano,NP,INACTIVE,2025-01-17
P00413,1000000413,Alexis,Greer,DO,ACTIVE,2025-03-02
P00414,1000000414,Patrick,Kaiser,DO,ACTIVE,2025-03-26
P00415,1000000415,Christina,Wells,NP,ACTIVE,2025-10-19
P00416,1000000416,Samantha,Simmons,NP,ACTIVE,2025-05-29
P00417,1000000417,Anne,Martin,NP,ACTIVE,2025-07-30
P00418,1000000418,Cody,Weber,NP,ACTIVE,2025-03-16
P00419,1000000419,Anne,Martinez,NP,ACTIVE,2025-03-14
P00420,1000000420,Kim,Mccarthy,PA,ACTIVE,2025-11-21
P00421,1000000421,Christina,Walter,MD,INACTIVE,2025-09-07
P00422,1000000422,Michelle,Pennington,NP,ACTIVE,2025-11-22
P00423,1000000423,Shelia,Powell,PA,ACTIVE,2025-08-08
P00424,1000000424,Samantha,White,DO,INACTIVE,2025-10-08
P00425,1000000425,Joshua,Gonzalez,PA,ACTIVE,2025-01-24
P00426,1000000426,Taylor,Johnson,PA,PENDING,2025-08-22
P00427,1000000427,Steven,Lopez,MD,ACTIVE,2025-03-23
P00428,1000000428,William,Nielsen,DO,ACTIVE,2025-12-07
P00429,1000000429,Michaela,Kim,MD,ACTIVE,2025-08-08
P00430,1000000430,Michael,Santiago,DO,ACTIVE,2025-02-09
P00431,1000000431,Emma,Castillo,MD,ACTIVE,2025-12-23
P00432,1000000432,Jennifer,Richard,MD,INACTIVE,2025-04-28
P00433,1000000433,Emily,Wang,DO,ACTIVE,2025-07-08
P00434,1000000434,Jessica,Schultz,MD,ACTIVE,2025-02-05
P00435,1000000435,Heather,Williams,DO,ACTIVE,2025-04-20
P00436,1000000436,Jeffrey,Carr,DO,ACTIVE,2025-02-14
P00437,1000000437,Jared,Mercer,DO,ACTIVE,2025-08-08
P00438,1000000438,Ashley,White,NP,INACTIVE,2025-10-11
P00439,1000000001,Margaret,Cole,DO,ACTIVE,2025-04-16
P00440,1000000440,Garrett,Garrett,MD,ACTIVE,2025-09-11
P00441,1000000441,Laura,Kaufman,DO,INACTIVE,2025-07-04
P00442,1000000442,Maria,Hardy,DO,ACTIVE,2025-10-07
P00443,1000000443,Mark,Benson,MD,ACTIVE,2025-10-28
P00444,1000000444,Julia,Neal,PA,ACTIVE,2025-09-17
P00445,1000000445,Michelle,Washington,NP,ACTIVE,2025-05-23
P00446,1000000446,Judith,Cox,PA,ACTIVE,2025-10-02
P00447,1000000447,Christopher,Lee,DO,ACTIVE,2025-12-24
P00448,1000000448,Ashley,Perkins,MD,ACTIVE,2025-08-21
P00449,1000000449,Joshua,Hoffman,DO,ACTIVE,2025-01-07
P00450,1000000450,Gail,Pennington,NP,ACTIVE,2025-09-25
P00451,1000000451,Nathan,Torres,PA,ACTIVE,2025-01-16
P00452,1000000452,Christina,Alexander,NP,ACTIVE,2025-09-12
P00453,1000000453,Anna,Gonzales,MD,ACTIVE,2025-03-22
P00454,1000000454,Lauren,Decker,MD,ACTIVE,2025-09-18
P00455,1000000455,Audrey,Mcdonald,DO,ACTIVE,2025-07-16
P00456,1000000456,Amanda,Valdez,PA,ACTIVE,2025-06-14
P00457,1000000457,Vickie,Hall,MD,ACTIVE,2025-03-03
P00458,1000000458,Shelia,Yang,NP,INACTIVE,2025-02-05
P00459,1000000459,Brandon,Boone,MD,ACTIVE,2025-10-11
P00460,1000000460,Tyler,Torres,PA,ACTIVE,2025-08-26
P00461,1000000461,Tonya,Chase,MD,ACTIVE,2025-01-04
P00462,1000000462,John,King,PA,ACTIVE,2025-01-01
P00463,1000000463,Ashley,Webb,DO,ACTIVE,2025-04-16
P00464,1000000464,Maria,Martinez,MD,INACTIVE,2025-12-31
P00465,1000000465,Heather,Osborn,MD,ACTIVE,2025-08-23
P00466,1000000466,John,Peters,MD,ACTIVE,2025-10-31
P00467,1000000467,Alex,Wilson,NP,ACTIVE,2025-05-30
P00468,1000000468,Christopher,Dennis,DO,INACTIVE,2025-08-20
P00469,1000000469,Dalton,Norman,DO,ACTIVE,2025-03-21
P00470,1000000470,Ashley,Johnson,DO,ACTIVE,2025-10-02
P00471,1000000471,Christina,Singh,NP,ACTIVE,2025-02-16
P00472,1000000472,Katherine,Medina,MD,ACTIVE,2025-06-17
P00473,1000000473,Jeffrey,Neal,NP,INACTIVE,2025-09-20
P00474,1000000474,Jasmine,Holden,DO,ACTIVE,2025-07-27
P00475,1000000475,Christine,Crawford,DO,ACTIVE,2025-01-07
P00476,1000000001,Katie,Baird,MD,ACTIVE,2025-12-18
P00477,1000000477,Larry,Thompson,PA,ACTIVE,2025-02-03
P00478,1000000478,Anthony,Stein,MD,INACTIVE,2025-01-22
P00479,1000000479,Tyler,Munoz,PA,ACTIVE,2025-09-12
P00481,1000000481,Tammy,Cruz,PA,INACTIVE,2025-11-28
P00482,1000000482,Donna,Herman,PA,ACTIVE,2025-02-14
P00483,1000000483,Chad,Wilson,NP,ACTIVE,2025-07-15
P00484,1000000484,April,Johnson,NP,ACTIVE,2025-10-17
P00485,1000000485,Steven,Valenzuela,MD,ACTIVE,2025-11-02
P00487,1000000487,Sharon,Newman,DO,INACTIVE,2025-10-01
P00488,1000000488,Douglas,Stevens,DO,ACTIVE,2025-03-30
P00489,1000000489,Amy,Gallagher,NP,ACTIVE,2025-12-27
P00490,1000000490,Edward,Stewart,DO,ACTIVE,2025-10-05
P00491,1000000491,Thomas,Padilla,MD,ACTIVE,2025-11-05
P00492,1000000492,George,Smith,DO,INACTIVE,2025-03-08
P00493,1000000493,Michael,King,DO,ACTIVE,2025-01-12
P00494,1000000494,James,Harrison,PA,ACTIVE,2025-07-11
P00495,1000000495,Ashley,Young,PA,ACTIVE,2025-03-11
P00496,1000000496,Ryan,Jennings,NP,ACTIVE,2025-03-31
P00497,1000000497,Jacqueline,Jones,NP,ACTIVE,2025-06-07
P00498,1000000498,Emily,Roach,DO,ACTIVE,2025-10-18
P00499,1000000499,Sandra,Mathis,NP,ACTIVE,2025-09-12
P00500,1000000500,Matthew,Smith,MD,ACTIVE,2025-03-27
